id,category,vormscore.csvdt,vormscore.csvvorm,vormscore.csvztak,vormscore.csvalgtak,vormscore.csvtakhoek,vormscore.csvopslag
4-7-5VB1034,5VB1034,1.0,2.0,1.0,3.0,3.0,3.0
4-9-GR. CORRIDOR,GR. CORRIDOR,0.0,2.0,1.0,2.0,2.0,3.0
4-11-GR. CORRIDOR,GR. CORRIDOR,0.0,3.0,1.0,2.0,1.0,2.0
4-13-VL. ARDENNEN,VL. ARDENNEN,1.0,3.0,1.0,2.0,2.0,3.0
4-15-VL. ARDENNEN,VL. ARDENNEN,0.0,1.0,0.0,2.0,1.0,2.0
4-17-GR. CORRIDOR,GR. CORRIDOR,0.0,1.0,0.0,1.0,1.0,3.0
4-19-GR. CORRIDOR,GR. CORRIDOR,0.0,2.0,1.0,2.0,2.0,3.0
4-21-GR. CORRIDOR,GR. CORRIDOR,0.0,2.0,0.0,2.0,1.0,3.0
4-23-GR. CORRIDOR,GR. CORRIDOR,1.0,1.0,1.0,3.0,2.0,3.0
4-25-GR. CORRIDOR,GR. CORRIDOR,1.0,1.0,0.0,3.0,2.0,3.0
4-27-GR. CORRIDOR,GR. CORRIDOR,0.0,1.0,1.0,3.0,3.0,1.0
4-29-5VB1051,5VB1051,1.0,1.0,0.0,2.0,2.0,3.0
4-31-5VB1051,5VB1051,1.0,1.0,1.0,3.0,2.0,3.0
4-33-5VB1051,5VB1051,0.0,2.0,1.0,2.0,2.0,2.0
4-35-5VB1051,5VB1051,0.0,2.0,1.0,2.0,2.0,3.0
4-37-5VB1051,5VB1051,1.0,1.0,0.0,2.0,1.0,3.0
4-39-5VB1051,5VB1051,0.0,2.0,0.0,2.0,2.0,3.0
4-53-5VB1034,5VB1034,0.0,2.0,1.0,2.0,3.0,
4-55-5VB1034,5VB1034,0.0,2.0,0.0,2.0,2.0,2.0
4-57-5VB1034,5VB1034,1.0,2.0,1.0,3.0,1.0,3.0
4-59-5VB1034,5VB1034,0.0,1.0,1.0,3.0,2.0,3.0
4-61-5VB1034,5VB1034,1.0,2.0,1.0,2.0,2.0,3.0
4-63-5VB1034,5VB1034,0.0,2.0,0.0,1.0,1.0,3.0
4-65-D04,D04,0.0,1.0,1.0,3.0,1.0,3.0
4-67-D04,D04,0.0,3.0,0.0,2.0,2.0,3.0
4-69-D04,D04,1.0,1.0,1.0,3.0,3.0,3.0
4-71-D04,D04,0.0,3.0,0.0,2.0,2.0,3.0
4-73-D04,D04,1.0,2.0,1.0,3.0,2.0,3.0
4-77-VL. ARDENNEN,VL. ARDENNEN,0.0,2.0,0.0,3.0,3.0,3.0
4-79-VL. ARDENNEN,VL. ARDENNEN,1.0,2.0,1.0,1.0,3.0,3.0
4-81-VL. ARDENNEN,VL. ARDENNEN,1.0,1.0,1.0,3.0,3.0,3.0
4-83-VL. ARDENNEN,VL. ARDENNEN,0.0,2.0,0.0,2.0,1.0,2.0
4-85-VL. ARDENNEN,VL. ARDENNEN,0.0,1.0,0.0,2.0,1.0,3.0
4-87-VL. ARDENNEN,VL. ARDENNEN,0.0,2.0,1.0,3.0,2.0,3.0
5-7-GR. CORRIDOR,GR. CORRIDOR,0.0,3.0,1.0,3.0,2.0,3.0
5-9-GR. CORRIDOR,GR. CORRIDOR,0.0,3.0,0.0,2.0,2.0,1.0
5-11-GR. CORRIDOR,GR. CORRIDOR,0.0,3.0,0.0,2.0,2.0,3.0
5-13-VL. ARDENNEN,VL. ARDENNEN,0.0,2.0,0.0,2.0,1.0,3.0
5-15-VL. ARDENNEN,VL. ARDENNEN,1.0,3.0,1.0,1.0,2.0,3.0
5-17-GR. CORRIDOR,GR. CORRIDOR,0.0,3.0,0.0,2.0,2.0,3.0
5-19-GR. CORRIDOR,GR. CORRIDOR,1.0,2.0,1.0,2.0,2.0,3.0
5-21-GR. CORRIDOR,GR. CORRIDOR,0.0,1.0,1.0,2.0,2.0,2.0
5-23-GR. CORRIDOR,GR. CORRIDOR,0.0,2.0,0.0,2.0,2.0,3.0
5-25-GR. CORRIDOR,GR. CORRIDOR,1.0,2.0,0.0,2.0,2.0,2.0
5-27-GR. CORRIDOR,GR. CORRIDOR,0.0,1.0,1.0,3.0,2.0,1.0
5-29-5VB1051,5VB1051,0.0,1.0,0.0,1.0,2.0,3.0
5-31-5VB1051,5VB1051,1.0,1.0,1.0,3.0,3.0,2.0
5-33-5VB1051,5VB1051,0.0,2.0,1.0,1.0,2.0,3.0
5-35-5VB1051,5VB1051,0.0,2.0,0.0,3.0,2.0,3.0
5-37-5VB1051,5VB1051,1.0,1.0,0.0,2.0,1.0,3.0
5-39-5VB1051,5VB1051,0.0,2.0,0.0,2.0,2.0,2.0
5-53-5VB1034,5VB1034,0.0,1.0,0.0,2.0,2.0,3.0
5-55-5VB1034,5VB1034,1.0,3.0,0.0,2.0,3.0,3.0
5-57-5VB1034,5VB1034,0.0,2.0,1.0,2.0,2.0,3.0
5-59-5VB1034,5VB1034,0.0,2.0,0.0,1.0,3.0,3.0
5-61-5VB1034,5VB1034,0.0,3.0,0.0,1.0,2.0,3.0
5-63-5VB1034,5VB1034,0.0,1.0,1.0,2.0,1.0,3.0
5-65-D04,D04,1.0,1.0,1.0,3.0,2.0,3.0
5-67-D04,D04,0.0,2.0,0.0,2.0,2.0,3.0
5-69-D04,D04,1.0,1.0,1.0,3.0,2.0,3.0
5-71-D04,D04,0.0,2.0,0.0,2.0,1.0,3.0
5-73-D04,D04,0.0,3.0,1.0,1.0,2.0,3.0
5-75-D04,D04,0.0,1.0,1.0,2.0,1.0,3.0
5-77-VL. ARDENNEN,VL. ARDENNEN,0.0,2.0,0.0,2.0,2.0,3.0
5-79-VL. ARDENNEN,VL. ARDENNEN,1.0,2.0,1.0,2.0,2.0,3.0
5-81-VL. ARDENNEN,VL. ARDENNEN,1.0,1.0,1.0,3.0,3.0,3.0
5-83-VL. ARDENNEN,VL. ARDENNEN,0.0,3.0,0.0,1.0,2.0,2.0
5-85-VL. ARDENNEN,VL. ARDENNEN,1.0,3.0,1.0,2.0,2.0,3.0
5-87-VL. ARDENNEN,VL. ARDENNEN,0.0,3.0,1.0,2.0,2.0,2.0
6-13-VL. ARDENNEN,VL. ARDENNEN,1.0,2.0,0.0,3.0,2.0,3.0
6-17-GR. CORRIDOR,GR. CORRIDOR,1.0,2.0,0.0,3.0,2.0,1.0
6-19-GR. CORRIDOR,GR. CORRIDOR,1.0,3.0,0.0,3.0,2.0,3.0
6-21-GR. CORRIDOR,GR. CORRIDOR,0.0,1.0,0.0,3.0,1.0,1.0
6-23-GR. CORRIDOR,GR. CORRIDOR,0.0,2.0,0.0,1.0,2.0,3.0
6-25-GR. CORRIDOR,GR. CORRIDOR,1.0,2.0,1.0,3.0,2.0,3.0
6-27-GR. CORRIDOR,GR. CORRIDOR,0.0,1.0,0.0,2.0,2.0,3.0
6-29-5VB1051,5VB1051,0.0,2.0,1.0,1.0,2.0,2.0
6-31-5VB1051,5VB1051,1.0,1.0,0.0,3.0,2.0,3.0
6-33-5VB1051,5VB1051,0.0,1.0,0.0,2.0,2.0,2.0
6-35-5VB1051,5VB1051,1.0,1.0,0.0,1.0,2.0,3.0
6-37-5VB1051,5VB1051,1.0,1.0,1.0,3.0,2.0,3.0
6-39-5VB1051,5VB1051,0.0,1.0,0.0,2.0,1.0,3.0
6-53-5VB1034,5VB1034,0.0,2.0,0.0,2.0,1.0,3.0
6-55-5VB1034,5VB1034,0.0,3.0,0.0,2.0,1.0,3.0
6-57-5VB1034,5VB1034,1.0,1.0,0.0,2.0,2.0,3.0
6-59-5VB1034,5VB1034,1.0,2.0,0.0,2.0,3.0,3.0
6-61-5VB1034,5VB1034,0.0,3.0,0.0,2.0,2.0,3.0
6-63-5VB1034,5VB1034,1.0,2.0,1.0,3.0,3.0,3.0
6-65-D04,D04,0.0,2.0,0.0,3.0,2.0,3.0
6-67-D04,D04,0.0,2.0,1.0,2.0,2.0,3.0
6-69-D04,D04,0.0,3.0,0.0,1.0,2.0,3.0
6-71-D04,D04,0.0,3.0,0.0,2.0,2.0,3.0
6-73-D04,D04,0.0,2.0,1.0,2.0,2.0,3.0
6-75-D04,D04,0.0,2.0,0.0,3.0,2.0,3.0
6-77-VL. ARDENNEN,VL. ARDENNEN,0.0,2.0,0.0,2.0,2.0,3.0
6-79-VL. ARDENNEN,VL. ARDENNEN,0.0,2.0,1.0,3.0,2.0,3.0
6-81-VL. ARDENNEN,VL. ARDENNEN,0.0,2.0,0.0,2.0,3.0,3.0
6-83-VL. ARDENNEN,VL. ARDENNEN,1.0,2.0,1.0,3.0,3.0,3.0
6-85-VL. ARDENNEN,VL. ARDENNEN,1.0,2.0,0.0,2.0,2.0,2.0
6-87-VL. ARDENNEN,VL. ARDENNEN,0.0,1.0,0.0,3.0,1.0,3.0
7-7-GR. CORRIDOR,GR. CORRIDOR,0.0,2.0,1.0,3.0,2.0,2.0
7-11-GR. CORRIDOR,GR. CORRIDOR,1.0,2.0,0.0,1.0,2.0,3.0
7-15-VL. ARDENNEN,VL. ARDENNEN,1.0,3.0,1.0,3.0,2.0,3.0
7-17-GR. CORRIDOR,GR. CORRIDOR,0.0,2.0,0.0,2.0,1.0,3.0
7-19-GR. CORRIDOR,GR. CORRIDOR,0.0,1.0,0.0,2.0,2.0,3.0
7-21-GR. CORRIDOR,GR. CORRIDOR,1.0,2.0,1.0,3.0,2.0,3.0
7-23-GR. CORRIDOR,GR. CORRIDOR,0.0,2.0,0.0,1.0,2.0,3.0
7-25-GR. CORRIDOR,GR. CORRIDOR,1.0,1.0,0.0,3.0,2.0,3.0
7-27-GR. CORRIDOR,GR. CORRIDOR,0.0,1.0,1.0,1.0,3.0,3.0
7-29-5VB1051,5VB1051,0.0,2.0,0.0,2.0,2.0,3.0
7-31-5VB1051,5VB1051,0.0,1.0,0.0,3.0,2.0,3.0
7-33-5VB1051,5VB1051,0.0,2.0,1.0,1.0,2.0,3.0
7-35-5VB1051,5VB1051,0.0,1.0,0.0,2.0,1.0,1.0
7-37-5VB1051,5VB1051,0.0,2.0,0.0,2.0,2.0,3.0
7-39-5VB1051,5VB1051,0.0,2.0,0.0,2.0,2.0,1.0
7-53-5VB1034,5VB1034,1.0,2.0,0.0,1.0,2.0,3.0
7-55-5VB1034,5VB1034,0.0,3.0,0.0,1.0,1.0,3.0
7-57-5VB1034,5VB1034,0.0,1.0,1.0,1.0,2.0,3.0
7-59-5VB1034,5VB1034,1.0,2.0,1.0,2.0,2.0,3.0
7-61-5VB1034,5VB1034,0.0,3.0,0.0,1.0,1.0,3.0
7-63-5VB1034,5VB1034,0.0,2.0,0.0,2.0,2.0,3.0
7-65-D04,D04,0.0,2.0,0.0,2.0,1.0,3.0
7-67-D04,D04,1.0,1.0,1.0,2.0,2.0,3.0
7-69-D04,D04,0.0,1.0,0.0,3.0,2.0,2.0
7-71-D04,D04,0.0,1.0,0.0,2.0,2.0,3.0
7-73-D04,D04,1.0,2.0,0.0,3.0,2.0,2.0
7-75-D04,D04,1.0,2.0,1.0,3.0,2.0,2.0
7-77-VL. ARDENNEN,VL. ARDENNEN,0.0,2.0,1.0,3.0,3.0,2.0
7-79-VL. ARDENNEN,VL. ARDENNEN,0.0,1.0,0.0,2.0,2.0,3.0
7-81-VL. ARDENNEN,VL. ARDENNEN,0.0,3.0,0.0,2.0,2.0,3.0
7-83-VL. ARDENNEN,VL. ARDENNEN,0.0,3.0,0.0,2.0,2.0,3.0
7-85-VL. ARDENNEN,VL. ARDENNEN,0.0,3.0,0.0,2.0,1.0,3.0
7-87-VL. ARDENNEN,VL. ARDENNEN,1.0,2.0,1.0,1.0,2.0,3.0
8-11-VL. ARDENNEN,VL. ARDENNEN,0.0,1.0,1.0,2.0,2.0,3.0
8-15-VL. ARDENNEN,VL. ARDENNEN,1.0,2.0,0.0,2.0,2.0,3.0
8-17-GR. CORRIDOR,GR. CORRIDOR,0.0,2.0,1.0,2.0,2.0,3.0
8-19-GR. CORRIDOR,GR. CORRIDOR,1.0,2.0,0.0,2.0,1.0,2.0
8-21-GR. CORRIDOR,GR. CORRIDOR,0.0,2.0,0.0,2.0,2.0,1.0
8-23-GR. CORRIDOR,GR. CORRIDOR,0.0,2.0,1.0,2.0,2.0,2.0
8-25-GR. CORRIDOR,GR. CORRIDOR,1.0,1.0,3.0,2.0,3.0,
8-27-GR. CORRIDOR,GR. CORRIDOR,1.0,1.0,0.0,2.0,2.0,3.0
8-29-5VB1051,5VB1051,1.0,1.0,0.0,3.0,1.0,2.0
8-31-5VB1051,5VB1051,0.0,1.0,1.0,3.0,3.0,3.0
8-33-5VB1051,5VB1051,0.0,1.0,1.0,1.0,2.0,3.0
8-35-5VB1051,5VB1051,0.0,2.0,1.0,3.0,2.0,2.0
8-37-5VB1051,5VB1051,0.0,2.0,0.0,2.0,2.0,3.0
8-39-5VB1051,5VB1051,1.0,1.0,0.0,2.0,1.0,3.0
8-53-5VB1034,5VB1034,1.0,2.0,1.0,2.0,2.0,3.0
8-55-5VB1034,5VB1034,1.0,2.0,0.0,2.0,1.0,3.0
8-57-5VB1034,5VB1034,0.0,2.0,0.0,2.0,1.0,3.0
8-59-5VB1034,5VB1034,0.0,2.0,1.0,3.0,3.0,3.0
8-61-5VB1034,5VB1034,1.0,2.0,0.0,2.0,2.0,3.0
8-63-5VB1034,5VB1034,0.0,2.0,1.0,2.0,2.0,3.0
8-65-D04,D04,1.0,3.0,0.0,1.0,2.0,3.0
8-67-D04,D04,1.0,2.0,1.0,3.0,2.0,3.0
8-69-D04,D04,0.0,2.0,1.0,3.0,2.0,3.0
8-71-D04,D04,0.0,2.0,0.0,2.0,2.0,3.0
8-73-D04,D04,1.0,1.0,1.0,3.0,3.0,3.0
8-75-D04,D04,1.0,1.0,0.0,3.0,2.0,3.0
8-77-VL. ARDENNEN,VL. ARDENNEN,0.0,1.0,1.0,3.0,2.0,3.0
8-79-VL. ARDENNEN,VL. ARDENNEN,0.0,1.0,1.0,2.0,3.0,3.0
8-81-VL. ARDENNEN,VL. ARDENNEN,1.0,2.0,1.0,2.0,3.0,3.0
8-83-VL. ARDENNEN,VL. ARDENNEN,0.0,2.0,1.0,1.0,2.0,3.0
8-85-VL. ARDENNEN,VL. ARDENNEN,1.0,3.0,1.0,3.0,2.0,2.0
8-87-VL. ARDENNEN,VL. ARDENNEN,0.0,2.0,0.0,2.0,1.0,1.0
9-5-VL. ARDENNEN,VL. ARDENNEN,0.0,2.0,1.0,3.0,2.0,3.0
9-7-VL. ARDENNEN,VL. ARDENNEN,0.0,1.0,1.0,2.0,2.0,3.0
9-9-VL. ARDENNEN,VL. ARDENNEN,1.0,2.0,1.0,2.0,2.0,1.0
9-11-VL. ARDENNEN,VL. ARDENNEN,0.0,3.0,1.0,2.0,2.0,3.0
9-13-VL. ARDENNEN,VL. ARDENNEN,1.0,3.0,0.0,2.0,2.0,3.0
9-15-VL. ARDENNEN,VL. ARDENNEN,1.0,2.0,1.0,2.0,1.0,3.0
9-17-GR. CORRIDOR,GR. CORRIDOR,0.0,3.0,0.0,2.0,2.0,2.0
9-19-GR. CORRIDOR,GR. CORRIDOR,1.0,2.0,1.0,2.0,2.0,3.0
9-21-GR. CORRIDOR,GR. CORRIDOR,1.0,1.0,0.0,2.0,1.0,3.0
9-23-GR. CORRIDOR,GR. CORRIDOR,0.0,2.0,1.0,2.0,2.0,2.0
9-25-GR. CORRIDOR,GR. CORRIDOR,1.0,2.0,0.0,2.0,2.0,3.0
9-27-GR. CORRIDOR,GR. CORRIDOR,1.0,2.0,0.0,2.0,2.0,3.0
9-29-5VB1051,5VB1051,0.0,1.0,0.0,2.0,2.0,2.0
9-31-5VB1051,5VB1051,1.0,1.0,1.0,2.0,2.0,3.0
9-33-5VB1051,5VB1051,0.0,2.0,1.0,2.0,2.0,3.0
9-35-5VB1051,5VB1051,1.0,1.0,0.0,1.0,2.0,2.0
9-37-5VB1051,5VB1051,1.0,2.0,0.0,2.0,2.0,3.0
9-39-5VB1051,5VB1051,1.0,2.0,0.0,2.0,2.0,3.0
9-53-5VB1034,5VB1034,1.0,2.0,1.0,3.0,2.0,3.0
9-55-5VB1034,5VB1034,0.0,2.0,0.0,1.0,2.0,3.0
9-57-5VB1034,5VB1034,0.0,3.0,0.0,2.0,2.0,3.0
9-59-5VB1034,5VB1034,1.0,2.0,0.0,3.0,2.0,3.0
9-61-5VB1034,5VB1034,1.0,2.0,0.0,2.0,1.0,3.0
9-63-5VB1034,5VB1034,1.0,2.0,0.0,2.0,3.0,3.0
9-65-D04,D04,0.0,2.0,0.0,1.0,2.0,3.0
9-67-D04,D04,0.0,3.0,0.0,3.0,2.0,3.0
9-69-D04,D04,0.0,2.0,0.0,2.0,1.0,3.0
9-71-D04,D04,1.0,2.0,1.0,3.0,2.0,3.0
9-73-D04,D04,1.0,2.0,1.0,2.0,2.0,3.0
9-75-D04,D04,0.0,2.0,0.0,2.0,2.0,3.0
9-77-VL. ARDENNEN,VL. ARDENNEN,0.0,3.0,0.0,2.0,2.0,3.0
9-79-VL. ARDENNEN,VL. ARDENNEN,1.0,1.0,1.0,1.0,3.0,0.0
9-81-VL. ARDENNEN,VL. ARDENNEN,1.0,3.0,0.0,2.0,1.0,3.0
9-83-VL. ARDENNEN,VL. ARDENNEN,0.0,2.0,0.0,3.0,2.0,3.0
9-85-VL. ARDENNEN,VL. ARDENNEN,1.0,2.0,1.0,2.0,2.0,3.0
9-87-VL. ARDENNEN,VL. ARDENNEN,0.0,2.0,0.0,3.0,1.0,3.0
10-5-D01,D01,1.0,2.0,1.0,1.0,1.0,3.0
10-7-D01,D01,0.0,3.0,0.0,2.0,2.0,2.0
10-9-D01,D01,0.0,2.0,1.0,2.0,2.0,3.0
10-11-D01,D01,0.0,3.0,0.0,2.0,2.0,3.0
10-13-D01,D01,0.0,3.0,0.0,2.0,2.0,3.0
10-15-D01,D01,1.0,1.0,0.0,2.0,2.0,3.0
10-17-W.VL.HEUVELS,W.VL.HEUVELS,0.0,2.0,1.0,3.0,1.0,3.0
10-19-W.VL.HEUVELS,W.VL.HEUVELS,1.0,2.0,0.0,2.0,2.0,2.0
10-21-W.VL.HEUVELS,W.VL.HEUVELS,1.0,1.0,1.0,1.0,2.0,3.0
10-23-W.VL.HEUVELS,W.VL.HEUVELS,0.0,1.0,0.0,1.0,1.0,3.0
10-25-W.VL.HEUVELS,W.VL.HEUVELS,0.0,1.0,0.0,1.0,2.0,3.0
10-27-W.VL.HEUVELS,W.VL.HEUVELS,1.0,1.0,1.0,2.0,2.0,3.0
10-29-6VB1038,6VB1038,1.0,1.0,1.0,2.0,2.0,3.0
10-31-6VB1038,6VB1038,0.0,2.0,1.0,2.0,2.0,3.0
10-33-6VB1038,6VB1038,1.0,2.0,0.0,3.0,2.0,3.0
10-35-6VB1038,6VB1038,0.0,2.0,1.0,2.0,2.0,3.0
10-37-6VB1038,6VB1038,1.0,2.0,0.0,3.0,2.0,3.0
10-39-6VB1038,6VB1038,0.0,3.0,0.0,2.0,1.0,3.0
10-41-GR. CORRIDOR,GR. CORRIDOR,0.0,2.0,1.0,3.0,1.0,3.0
10-43-GR. CORRIDOR,GR. CORRIDOR,1.0,2.0,0.0,2.0,2.0,3.0
10-45-GR. CORRIDOR,GR. CORRIDOR,0.0,2.0,1.0,3.0,2.0,3.0
10-47-GR. CORRIDOR,GR. CORRIDOR,1.0,2.0,0.0,2.0,2.0,3.0
10-49-GR. CORRIDOR,GR. CORRIDOR,0.0,1.0,0.0,1.0,2.0,2.0
10-51-GR. CORRIDOR,GR. CORRIDOR,0.0,2.0,0.0,3.0,2.0,3.0
10-53-5VB1051,5VB1051,1.0,2.0,1.0,2.0,3.0,
10-55-5VB1051,5VB1051,0.0,1.0,0.0,2.0,2.0,3.0
10-57-5VB1051,5VB1051,1.0,1.0,0.0,2.0,2.0,3.0
10-59-5VB1051,5VB1051,1.0,1.0,1.0,2.0,3.0,1.0
10-61-5VB1051,5VB1051,0.0,1.0,0.0,2.0,2.0,3.0
10-63-5VB1051,5VB1051,1.0,1.0,0.0,2.0,1.0,3.0
10-77-5VB1034,5VB1034,1.0,2.0,0.0,2.0,2.0,3.0
10-79-5VB1034,5VB1034,1.0,2.0,0.0,2.0,1.0,3.0
10-81-5VB1034,5VB1034,1.0,1.0,3.0,2.0,1.0,3.0
10-83-5VB1034,5VB1034,1.0,1.0,1.0,1.0,3.0,1.0
10-85-5VB1034,5VB1034,0.0,3.0,0.0,3.0,2.0,3.0
10-87-5VB1034,5VB1034,0.0,3.0,0.0,3.0,2.0,1.0
11-5-D01,D01,0.0,3.0,1.0,1.0,1.0,3.0
11-7-D01,D01,1.0,3.0,0.0,2.0,2.0,3.0
11-9-D01,D01,0.0,2.0,0.0,2.0,2.0,3.0
11-11-D01,D01,0.0,2.0,0.0,1.0,1.0,3.0
11-13-D01,D01,1.0,1.0,1.0,3.0,1.0,3.0
11-15-D01,D01,0.0,2.0,0.0,2.0,2.0,3.0
11-17-W.VL.HEUVELS,W.VL.HEUVELS,1.0,2.0,0.0,3.0,2.0,3.0
11-19-W.VL.HEUVELS,W.VL.HEUVELS,0.0,3.0,0.0,1.0,2.0,3.0
11-21-W.VL.HEUVELS,W.VL.HEUVELS,1.0,2.0,0.0,1.0,2.0,3.0
11-23-W.VL.HEUVELS,W.VL.HEUVELS,0.0,1.0,1.0,1.0,2.0,3.0
11-25-W.VL.HEUVELS,W.VL.HEUVELS,0.0,1.0,0.0,2.0,2.0,3.0
11-27-W.VL.HEUVELS,W.VL.HEUVELS,1.0,2.0,0.0,1.0,2.0,3.0
11-29-6VB1038,6VB1038,0.0,1.0,0.0,1.0,1.0,2.0
11-31-6VB1038,6VB1038,0.0,2.0,2.0,1.0,2.0,3.0
11-33-6VB1038,6VB1038,0.0,2.0,0.0,2.0,3.0,3.0
11-35-6VB1038,6VB1038,0.0,1.0,1.0,2.0,1.0,3.0
11-37-6VB1038,6VB1038,0.0,2.0,1.0,1.0,2.0,3.0
11-39-6VB1038,6VB1038,0.0,2.0,0.0,2.0,2.0,3.0
11-41-GR. CORRIDOR,GR. CORRIDOR,0.0,3.0,1.0,1.0,3.0,3.0
11-43-GR. CORRIDOR,GR. CORRIDOR,0.0,2.0,0.0,2.0,2.0,2.0
11-45-GR. CORRIDOR,GR. CORRIDOR,0.0,3.0,0.0,2.0,2.0,1.0
11-47-GR. CORRIDOR,GR. CORRIDOR,0.0,2.0,1.0,2.0,2.0,2.0
11-49-GR. CORRIDOR,GR. CORRIDOR,0.0,2.0,1.0,3.0,2.0,3.0
11-51-GR. CORRIDOR,GR. CORRIDOR,1.0,1.0,0.0,3.0,2.0,3.0
11-53-5VB1051,5VB1051,0.0,2.0,0.0,1.0,2.0,3.0
11-55-5VB1051,5VB1051,1.0,2.0,1.0,3.0,2.0,3.0
11-57-5VB1051,5VB1051,0.0,2.0,0.0,3.0,1.0,3.0
11-59-5VB1051,5VB1051,1.0,1.0,1.0,3.0,3.0,2.0
11-61-5VB1051,5VB1051,1.0,1.0,1.0,3.0,2.0,3.0
11-63-5VB1051,5VB1051,0.0,1.0,1.0,2.0,2.0,3.0
11-77-5VB1034,5VB1034,0.0,2.0,0.0,3.0,2.0,3.0
11-79-5VB1034,5VB1034,0.0,1.0,1.0,2.0,1.0,3.0
11-81-5VB1034,5VB1034,0.0,3.0,0.0,2.0,1.0,3.0
11-83-5VB1034,5VB1034,1.0,1.0,1.0,2.0,1.0,3.0
11-85-5VB1034,5VB1034,0.0,2.0,0.0,3.0,1.0,1.0
11-87-5VB1034,5VB1034,0.0,3.0,0.0,2.0,1.0,3.0
12-5-D01,D01,1.0,1.0,0.0,2.0,1.0,3.0
12-7-D01,D01,0.0,2.0,0.0,1.0,1.0,3.0
12-9-D01,D01,0.0,2.0,0.0,2.0,1.0,3.0
12-11-D01,D01,1.0,2.0,0.0,1.0,2.0,3.0
12-13-D01,D01,0.0,3.0,0.0,2.0,2.0,3.0
12-15-D01,D01,0.0,2.0,0.0,2.0,2.0,3.0
12-17-W.VL.HEUVELS,W.VL.HEUVELS,1.0,1.0,0.0,2.0,2.0,3.0
12-19-W.VL.HEUVELS,W.VL.HEUVELS,0.0,2.0,0.0,2.0,2.0,3.0
12-21-W.VL.HEUVELS,W.VL.HEUVELS,0.0,2.0,0.0,1.0,2.0,3.0
12-23-W.VL.HEUVELS,W.VL.HEUVELS,0.0,2.0,0.0,1.0,2.0,3.0
12-25-W.VL.HEUVELS,W.VL.HEUVELS,1.0,1.0,0.0,1.0,2.0,3.0
12-27-W.VL.HEUVELS,W.VL.HEUVELS,1.0,1.0,1.0,1.0,2.0,3.0
12-29-6VB1038,6VB1038,0.0,2.0,0.0,2.0,2.0,3.0
12-31-6VB1038,6VB1038,0.0,2.0,1.0,2.0,2.0,3.0
12-33-6VB1038,6VB1038,1.0,1.0,1.0,2.0,2.0,3.0
12-35-6VB1038,6VB1038,0.0,1.0,0.0,2.0,2.0,3.0
12-37-6VB1038,6VB1038,1.0,1.0,0.0,2.0,2.0,2.0
12-39-6VB1038,6VB1038,0.0,1.0,0.0,2.0,1.0,3.0
12-41-GR. CORRIDOR,GR. CORRIDOR,1.0,2.0,1.0,2.0,2.0,3.0
12-43-GR. CORRIDOR,GR. CORRIDOR,0.0,1.0,0.0,2.0,1.0,3.0
12-45-GR. CORRIDOR,GR. CORRIDOR,0.0,2.0,0.0,2.0,2.0,3.0
12-47-GR. CORRIDOR,GR. CORRIDOR,0.0,2.0,1.0,3.0,2.0,3.0
12-49-GR. CORRIDOR,GR. CORRIDOR,1.0,2.0,1.0,1.0,2.0,3.0
12-51-GR. CORRIDOR,GR. CORRIDOR,0.0,3.0,0.0,2.0,2.0,3.0
12-53-5VB1051,5VB1051,1.0,1.0,1.0,2.0,2.0,3.0
12-55-5VB1051,5VB1051,0.0,1.0,1.0,2.0,3.0,1.0
12-57-5VB1051,5VB1051,1.0,1.0,0.0,1.0,2.0,3.0
12-59-5VB1051,5VB1051,0.0,1.0,1.0,1.0,2.0,3.0
12-61-5VB1051,5VB1051,0.0,3.0,1.0,3.0,3.0,2.0
12-63-5VB1051,5VB1051,0.0,1.0,0.0,2.0,2.0,3.0
12-77-5VB1034,5VB1034,1.0,2.0,0.0,2.0,2.0,2.0
12-79-5VB1034,5VB1034,1.0,1.0,0.0,2.0,1.0,3.0
12-81-5VB1034,5VB1034,0.0,1.0,0.0,2.0,2.0,3.0
12-83-5VB1034,5VB1034,1.0,2.0,0.0,2.0,1.0,3.0
12-85-5VB1034,5VB1034,1.0,1.0,1.0,3.0,1.0,3.0
12-87-5VB1034,5VB1034,1.0,1.0,0.0,2.0,1.0,3.0
13-5-D01,D01,0.0,3.0,0.0,2.0,1.0,3.0
13-7-D01,D01,0.0,2.0,0.0,3.0,1.0,2.0
13-9-D01,D01,0.0,1.0,0.0,1.0,1.0,3.0
13-11-D01,D01,1.0,2.0,1.0,2.0,2.0,3.0
13-13-D01,D01,1.0,3.0,1.0,2.0,2.0,3.0
13-15-D01,D01,1.0,2.0,0.0,2.0,2.0,3.0
13-17-W.VL.HEUVELS,W.VL.HEUVELS,1.0,2.0,0.0,2.0,1.0,3.0
13-19-W.VL.HEUVELS,W.VL.HEUVELS,1.0,2.0,1.0,3.0,2.0,3.0
13-21-W.VL.HEUVELS,W.VL.HEUVELS,0.0,2.0,0.0,1.0,2.0,3.0
13-23-W.VL.HEUVELS,W.VL.HEUVELS,0.0,3.0,0.0,1.0,2.0,3.0
13-25-W.VL.HEUVELS,W.VL.HEUVELS,1.0,1.0,0.0,2.0,1.0,3.0
13-27-W.VL.HEUVELS,W.VL.HEUVELS,1.0,1.0,0.0,3.0,2.0,2.0
13-29-6VB1038,6VB1038,0.0,2.0,0.0,2.0,2.0,3.0
13-31-6VB1038,6VB1038,0.0,2.0,0.0,2.0,2.0,3.0
13-33-6VB1038,6VB1038,0.0,1.0,1.0,2.0,2.0,3.0
13-35-6VB1038,6VB1038,0.0,1.0,0.0,1.0,2.0,2.0
13-37-6VB1038,6VB1038,0.0,1.0,0.0,1.0,2.0,1.0
13-39-6VB1038,6VB1038,0.0,2.0,0.0,3.0,2.0,3.0
13-41-GR. CORRIDOR,GR. CORRIDOR,0.0,1.0,1.0,1.0,2.0,3.0
13-43-GR. CORRIDOR,GR. CORRIDOR,0.0,3.0,0.0,2.0,23.0,
13-45-GR. CORRIDOR,GR. CORRIDOR,0.0,2.0,1.0,1.0,2.0,1.0
13-47-GR. CORRIDOR,GR. CORRIDOR,0.0,3.0,0.0,2.0,2.0,3.0
13-49-GR. CORRIDOR,GR. CORRIDOR,0.0,2.0,0.0,2.0,1.0,3.0
13-51-GR. CORRIDOR,GR. CORRIDOR,0.0,1.0,0.0,2.0,1.0,3.0
13-53-5VB1051,5VB1051,1.0,2.0,0.0,2.0,2.0,3.0
13-55-5VB1051,5VB1051,0.0,1.0,1.0,2.0,3.0,
13-57-5VB1051,5VB1051,0.0,1.0,1.0,3.0,1.0,3.0
13-59-5VB1051,5VB1051,1.0,2.0,1.0,3.0,2.0,3.0
13-61-5VB1051,5VB1051,1.0,2.0,1.0,2.0,2.0,2.0
13-63-5VB1051,5VB1051,1.0,1.0,1.0,3.0,3.0,2.0
13-77-5VB1034,5VB1034,1.0,2.0,0.0,3.0,1.0,3.0
13-79-5VB1034,5VB1034,0.0,1.0,0.0,1.0,1.0,3.0
13-81-5VB1034,5VB1034,1.0,2.0,1.0,2.0,2.0,3.0
13-83-5VB1034,5VB1034,1.0,2.0,1.0,3.0,3.0,2.0
13-85-5VB1034,5VB1034,1.0,2.0,0.0,3.0,1.0,3.0
13-87-5VB1034,5VB1034,0.0,3.0,0.0,1.0,1.0,3.0
14-5-D01,D01,1.0,2.0,0.0,1.0,1.0,3.0
14-7-D01,D01,0.0,1.0,0.0,2.0,1.0,3.0
14-9-D01,D01,0.0,3.0,0.0,1.0,1.0,3.0
14-11-D01,D01,0.0,3.0,0.0,2.0,2.0,3.0
14-13-D01,D01,1.0,1.0,1.0,3.0,1.0,3.0
14-15-D01,D01,0.0,1.0,0.0,2.0,2.0,3.0
14-17-W.VL.HEUVELS,W.VL.HEUVELS,0.0,2.0,0.0,2.0,2.0,3.0
14-19-W.VL.HEUVELS,W.VL.HEUVELS,1.0,3.0,0.0,2.0,1.0,3.0
14-21-W.VL.HEUVELS,W.VL.HEUVELS,1.0,2.0,0.0,1.0,2.0,3.0
14-23-W.VL.HEUVELS,W.VL.HEUVELS,0.0,2.0,0.0,1.0,3.0,3.0
14-25-W.VL.HEUVELS,W.VL.HEUVELS,0.0,2.0,0.0,3.0,2.0,3.0
14-27-W.VL.HEUVELS,W.VL.HEUVELS,0.0,2.0,0.0,2.0,3.0,3.0
14-29-6VB1038,6VB1038,1.0,2.0,0.0,3.0,1.0,3.0
14-31-6VB1038,6VB1038,1.0,2.0,0.0,3.0,2.0,3.0
14-33-6VB1038,6VB1038,0.0,2.0,0.0,1.0,1.0,3.0
14-35-6VB1038,6VB1038,0.0,2.0,0.0,2.0,2.0,2.0
14-37-6VB1038,6VB1038,1.0,2.0,1.0,3.0,2.0,3.0
14-39-6VB1038,6VB1038,0.0,2.0,1.0,1.0,2.0,3.0
14-41-GR. CORRIDOR,GR. CORRIDOR,0.0,3.0,0.0,2.0,2.0,2.0
14-43-GR. CORRIDOR,GR. CORRIDOR,0.0,1.0,1.0,2.0,2.0,3.0
14-45-GR. CORRIDOR,GR. CORRIDOR,0.0,3.0,0.0,1.0,2.0,3.0
14-47-GR. CORRIDOR,GR. CORRIDOR,0.0,1.0,0.0,2.0,2.0,2.0
14-49-GR. CORRIDOR,GR. CORRIDOR,0.0,2.0,1.0,3.0,1.0,2.0
14-51-GR. CORRIDOR,GR. CORRIDOR,0.0,2.0,0.0,2.0,2.0,3.0
14-53-5VB1051,5VB1051,0.0,2.0,0.0,2.0,3.0,3.0
14-55-5VB1051,5VB1051,1.0,2.0,1.0,3.0,2.0,3.0
14-57-5VB1051,5VB1051,1.0,2.0,0.0,1.0,2.0,3.0
14-59-5VB1051,5VB1051,1.0,2.0,0.0,2.0,2.0,3.0
14-61-5VB1051,5VB1051,0.0,1.0,0.0,3.0,2.0,3.0
14-63-5VB1051,5VB1051,1.0,2.0,1.0,3.0,2.0,3.0
14-77-5VB1034,5VB1034,1.0,2.0,1.0,3.0,1.0,3.0
14-79-5VB1034,5VB1034,0.0,2.0,1.0,2.0,1.0,3.0
14-81-5VB1034,5VB1034,1.0,1.0,1.0,3.0,2.0,3.0
14-83-5VB1034,5VB1034,0.0,2.0,0.0,2.0,2.0,3.0
14-85-5VB1034,5VB1034,1.0,2.0,1.0,2.0,1.0,3.0
14-87-5VB1034,5VB1034,0.0,3.0,0.0,1.0,1.0,3.0
15-5-D01,D01,1.0,2.0,0.0,2.0,2.0,3.0
15-7-D01,D01,0.0,3.0,0.0,3.0,3.0,3.0
15-9-D01,D01,0.0,3.0,0.0,1.0,2.0,2.0
15-11-D01,D01,0.0,2.0,0.0,2.0,1.0,3.0
15-13-D01,D01,0.0,3.0,0.0,2.0,1.0,3.0
15-15-D01,D01,1.0,2.0,0.0,1.0,3.0,3.0
15-17-W.VL.HEUVELS,W.VL.HEUVELS,0.0,3.0,0.0,1.0,2.0,1.0
15-19-W.VL.HEUVELS,W.VL.HEUVELS,0.0,2.0,0.0,2.0,1.0,3.0
15-21-W.VL.HEUVELS,W.VL.HEUVELS,1.0,1.0,0.0,2.0,2.0,3.0
15-23-W.VL.HEUVELS,W.VL.HEUVELS,0.0,1.0,1.0,2.0,3.0,3.0
15-25-W.VL.HEUVELS,W.VL.HEUVELS,0.0,1.0,0.0,2.0,2.0,3.0
15-27-W.VL.HEUVELS,W.VL.HEUVELS,1.0,2.0,0.0,3.0,2.0,3.0
15-29-6VB1038,6VB1038,0.0,0.0,0.0,2.0,2.0,1.0
15-31-6VB1038,6VB1038,1.0,1.0,0.0,2.0,2.0,2.0
15-33-6VB1038,6VB1038,1.0,1.0,1.0,3.0,1.0,2.0
15-35-6VB1038,6VB1038,1.0,2.0,1.0,3.0,2.0,3.0
15-37-6VB1038,6VB1038,1.0,1.0,1.0,2.0,2.0,3.0
15-39-6VB1038,6VB1038,0.0,2.0,0.0,2.0,2.0,3.0
15-41-GR. CORRIDOR,GR. CORRIDOR,0.0,2.0,0.0,2.0,2.0,3.0
15-43-GR. CORRIDOR,GR. CORRIDOR,0.0,1.0,0.0,3.0,2.0,3.0
15-45-GR. CORRIDOR,GR. CORRIDOR,1.0,2.0,1.0,2.0,2.0,3.0
15-47-GR. CORRIDOR,GR. CORRIDOR,0.0,2.0,0.0,2.0,2.0,3.0
15-49-GR. CORRIDOR,GR. CORRIDOR,0.0,2.0,0.0,1.0,2.0,3.0
15-51-GR. CORRIDOR,GR. CORRIDOR,1.0,2.0,0.0,2.0,2.0,3.0
15-53-5VB1051,5VB1051,1.0,1.0,1.0,2.0,2.0,3.0
15-55-5VB1051,5VB1051,0.0,1.0,0.0,1.0,2.0,3.0
15-57-5VB1051,5VB1051,1.0,2.0,1.0,1.0,2.0,3.0
15-59-5VB1051,5VB1051,1.0,2.0,0.0,3.0,2.0,2.0
15-61-5VB1051,5VB1051,0.0,2.0,1.0,2.0,1.0,3.0
15-63-5VB1051,5VB1051,0.0,2.0,0.0,2.0,2.0,3.0
15-77-5VB1034,5VB1034,0.0,1.0,0.0,3.0,2.0,3.0
15-79-5VB1034,5VB1034,0.0,2.0,0.0,3.0,2.0,3.0
15-81-5VB1034,5VB1034,1.0,2.0,0.0,1.0,2.0,3.0
15-83-5VB1034,5VB1034,1.0,1.0,1.0,3.0,3.0,3.0
15-85-5VB1034,5VB1034,0.0,1.0,0.0,2.0,2.0,3.0
15-87-5VB1034,5VB1034,0.0,3.0,0.0,2.0,2.0,3.0
16-7-D04,D04,1.0,2.0,1.0,3.0,2.0,3.0
16-9-D04,D04,0.0,2.0,1.0,2.0,1.0,3.0
16-11-D04,D04,1.0,3.0,0.0,2.0,2.0,3.0
16-15-D04,D04,0.0,3.0,0.0,2.0,2.0,3.0
16-17-VL. ARDENNEN,VL. ARDENNEN,0.0,1.0,0.0,2.0,1.0,1.0
16-19-VL. ARDENNEN,VL. ARDENNEN,1.0,1.0,1.0,1.0,2.0,3.0
16-21-VL. ARDENNEN,VL. ARDENNEN,0.0,2.0,1.0,2.0,2.0,3.0
16-23-VL. ARDENNEN,VL. ARDENNEN,0.0,1.0,1.0,2.0,2.0,3.0
16-25-VL. ARDENNEN,VL. ARDENNEN,0.0,3.0,0.0,2.0,2.0,3.0
16-27-VL. ARDENNEN,VL. ARDENNEN,1.0,1.0,0.0,2.0,2.0,1.0
16-29-D01,D01,0.0,1.0,1.0,2.0,2.0,3.0
16-31-D01,D01,1.0,2.0,0.0,2.0,2.0,3.0
16-33-D01,D01,0.0,2.0,1.0,1.0,2.0,2.0
16-35-D01,D01,0.0,2.0,0.0,1.0,2.0,3.0
16-37-D01,D01,0.0,2.0,0.0,2.0,2.0,3.0
16-39-D01,D01,1.0,1.0,1.0,2.0,2.0,3.0
16-41-W.VL.HEUVELS,W.VL.HEUVELS,0.0,1.0,1.0,1.0,2.0,3.0
16-43-W.VL.HEUVELS,W.VL.HEUVELS,1.0,2.0,1.0,2.0,2.0,3.0
16-45-W.VL.HEUVELS,W.VL.HEUVELS,1.0,2.0,1.0,3.0,2.0,3.0
16-47-W.VL.HEUVELS,W.VL.HEUVELS,1.0,2.0,0.0,2.0,2.0,3.0
16-49-W.VL.HEUVELS,W.VL.HEUVELS,0.0,2.0,0.0,2.0,2.0,2.0
16-51-W.VL.HEUVELS,W.VL.HEUVELS,0.0,2.0,1.0,1.0,2.0,3.0
16-53-6VB1038,6VB1038,0.0,2.0,1.0,2.0,3.0,3.0
16-55-6VB1038,6VB1038,0.0,2.0,0.0,2.0,2.0,3.0
16-57-6VB1038,6VB1038,1.0,3.0,0.0,2.0,2.0,3.0
16-59-6VB1038,6VB1038,1.0,3.0,0.0,2.0,2.0,3.0
16-61-6VB1038,6VB1038,1.0,1.0,0.0,2.0,2.0,3.0
16-63-6VB1038,6VB1038,1.0,2.0,0.0,3.0,2.0,3.0
16-65-GR. CORRIDOR,GR. CORRIDOR,0.0,1.0,1.0,3.0,1.0,3.0
16-67-GR. CORRIDOR,GR. CORRIDOR,0.0,1.0,0.0,3.0,2.0,3.0
16-69-GR. CORRIDOR,GR. CORRIDOR,0.0,1.0,0.0,2.0,1.0,3.0
16-71-GR. CORRIDOR,GR. CORRIDOR,1.0,2.0,0.0,3.0,2.0,1.0
16-73-GR. CORRIDOR,GR. CORRIDOR,0.0,2.0,0.0,3.0,3.0,3.0
16-75-GR. CORRIDOR,GR. CORRIDOR,0.0,1.0,1.0,2.0,2.0,3.0
16-77-5VB1051,5VB1051,0.0,2.0,1.0,3.0,3.0,3.0
16-79-5VB1051,5VB1051,1.0,1.0,1.0,2.0,2.0,3.0
16-81-5VB1051,5VB1051,0.0,1.0,0.0,2.0,2.0,3.0
16-83-5VB1051,5VB1051,1.0,1.0,0.0,3.0,2.0,3.0
16-85-5VB1051,5VB1051,0.0,2.0,0.0,2.0,1.0,3.0
16-87-5VB1051,5VB1051,1.0,1.0,1.0,2.0,1.0,3.0
17-7-D04,D04,0.0,3.0,1.0,3.0,1.0,3.0
17-9-D04,D04,0.0,2.0,0.0,3.0,2.0,3.0
17-11-D04,D04,0.0,2.0,0.0,2.0,2.0,3.0
17-13-D04,D04,1.0,2.0,0.0,2.0,2.0,3.0
17-15-D04,D04,1.0,2.0,0.0,2.0,2.0,3.0
17-17-VL. ARDENNEN,VL. ARDENNEN,1.0,1.0,0.0,1.0,1.0,3.0
17-19-VL. ARDENNEN,VL. ARDENNEN,1.0,2.0,1.0,1.0,2.0,3.0
17-21-VL. ARDENNEN,VL. ARDENNEN,0.0,2.0,0.0,2.0,2.0,3.0
17-23-VL. ARDENNEN,VL. ARDENNEN,0.0,2.0,0.0,1.0,2.0,1.0
17-25-VL. ARDENNEN,VL. ARDENNEN,1.0,2.0,1.0,1.0,2.0,3.0
17-27-VL. ARDENNEN,VL. ARDENNEN,0.0,1.0,0.0,1.0,1.0,2.0
17-29-D01,D01,0.0,1.0,0.0,2.0,2.0,3.0
17-31-D01,D01,0.0,2.0,0.0,2.0,2.0,3.0
17-33-D01,D01,1.0,2.0,0.0,3.0,2.0,3.0
17-35-D01,D01,0.0,2.0,0.0,2.0,2.0,3.0
17-37-D01,D01,0.0,3.0,0.0,2.0,2.0,3.0
17-39-D01,D01,1.0,1.0,1.0,3.0,2.0,3.0
17-41-W.VL.HEUVELS,W.VL.HEUVELS,1.0,1.0,0.0,1.0,2.0,3.0
17-43-W.VL.HEUVELS,W.VL.HEUVELS,0.0,1.0,0.0,1.0,1.0,3.0
17-45-W.VL.HEUVELS,W.VL.HEUVELS,1.0,1.0,1.0,3.0,1.0,3.0
17-47-W.VL.HEUVELS,W.VL.HEUVELS,0.0,2.0,0.0,1.0,2.0,3.0
17-49-W.VL.HEUVELS,W.VL.HEUVELS,0.0,3.0,0.0,2.0,2.0,3.0
17-51-W.VL.HEUVELS,W.VL.HEUVELS,1.0,2.0,0.0,1.0,2.0,2.0
17-53-6VB1038,6VB1038,1.0,2.0,0.0,2.0,2.0,3.0
17-55-6VB1038,6VB1038,0.0,1.0,0.0,2.0,3.0,3.0
17-57-6VB1038,6VB1038,1.0,3.0,1.0,2.0,2.0,3.0
17-59-6VB1038,6VB1038,0.0,3.0,0.0,2.0,2.0,3.0
17-61-6VB1038,6VB1038,0.0,1.0,1.0,2.0,1.0,3.0
17-63-6VB1038,6VB1038,1.0,2.0,1.0,1.0,2.0,3.0
17-65-GR. CORRIDOR,GR. CORRIDOR,1.0,1.0,1.0,2.0,3.0,3.0
17-67-GR. CORRIDOR,GR. CORRIDOR,1.0,1.0,0.0,1.0,2.0,3.0
17-69-GR. CORRIDOR,GR. CORRIDOR,1.0,1.0,0.0,2.0,2.0,1.0
17-71-GR. CORRIDOR,GR. CORRIDOR,0.0,2.0,0.0,3.0,3.0,1.0
17-73-GR. CORRIDOR,GR. CORRIDOR,1.0,2.0,0.0,2.0,2.0,3.0
17-75-GR. CORRIDOR,GR. CORRIDOR,0.0,1.0,1.0,1.0,2.0,3.0
17-77-5VB1051,5VB1051,0.0,1.0,0.0,2.0,2.0,3.0
17-79-5VB1051,5VB1051,0.0,2.0,0.0,2.0,2.0,3.0
17-81-5VB1051,5VB1051,1.0,1.0,0.0,2.0,2.0,3.0
17-83-5VB1051,5VB1051,1.0,2.0,0.0,3.0,1.0,3.0
17-85-5VB1051,5VB1051,1.0,2.0,0.0,2.0,2.0,2.0
17-87-5VB1051,5VB1051,1.0,2.0,1.0,3.0,3.0,3.0
18-5-D04,D04,0.0,2.0,0.0,1.0,2.0,1.0
18-7-D04,D04,1.0,2.0,1.0,2.0,1.0,3.0
18-9-D04,D04,0.0,3.0,0.0,2.0,2.0,3.0
18-11-D04,D04,0.0,2.0,1.0,2.0,1.0,2.0
18-13-D04,D04,0.0,2.0,0.0,1.0,2.0,3.0
18-15-D04,D04,0.0,2.0,1.0,3.0,1.0,3.0
18-17-VL. ARDENNEN,VL. ARDENNEN,1.0,1.0,0.0,1.0,2.0,1.0
18-19-VL. ARDENNEN,VL. ARDENNEN,0.0,2.0,1.0,2.0,2.0,3.0
18-21-VL. ARDENNEN,VL. ARDENNEN,0.0,2.0,1.0,2.0,2.0,1.0
18-23-VL. ARDENNEN,VL. ARDENNEN,0.0,1.0,1.0,3.0,2.0,3.0
18-25-VL. ARDENNEN,VL. ARDENNEN,1.0,1.0,1.0,3.0,2.0,1.0
18-27-VL. ARDENNEN,VL. ARDENNEN,1.0,2.0,0.0,3.0,2.0,1.0
18-29-D01,D01,0.0,3.0,0.0,2.0,2.0,3.0
18-33-D01,D01,0.0,2.0,0.0,2.0,2.0,3.0
18-35-D01,D01,0.0,2.0,1.0,3.0,2.0,3.0
18-37-D01,D01,0.0,3.0,0.0,1.0,2.0,3.0
18-39-D01,D01,0.0,2.0,0.0,1.0,1.0,3.0
18-41-W.VL.HEUVELS,W.VL.HEUVELS,0.0,2.0,0.0,2.0,2.0,2.0
18-43-W.VL.HEUVELS,W.VL.HEUVELS,0.0,2.0,1.0,2.0,2.0,3.0
18-45-W.VL.HEUVELS,W.VL.HEUVELS,0.0,3.0,0.0,2.0,2.0,3.0
18-47-W.VL.HEUVELS,W.VL.HEUVELS,1.0,1.0,0.0,3.0,2.0,1.0
18-49-W.VL.HEUVELS,W.VL.HEUVELS,1.0,2.0,0.0,1.0,2.0,3.0
18-51-W.VL.HEUVELS,W.VL.HEUVELS,1.0,2.0,0.0,2.0,2.0,3.0
18-53-6VB1038,6VB1038,1.0,2.0,0.0,2.0,2.0,3.0
18-55-6VB1038,6VB1038,0.0,1.0,0.0,2.0,3.0,3.0
18-57-6VB1038,6VB1038,1.0,2.0,1.0,2.0,2.0,2.0
18-59-6VB1038,6VB1038,0.0,1.0,1.0,3.0,3.0,3.0
18-61-6VB1038,6VB1038,0.0,1.0,1.0,3.0,2.0,2.0
18-63-6VB1038,6VB1038,1.0,2.0,1.0,3.0,3.0,3.0
18-65-GR. CORRIDOR,GR. CORRIDOR,1.0,1.0,1.0,3.0,3.0,3.0
18-67-GR. CORRIDOR,GR. CORRIDOR,0.0,2.0,0.0,1.0,3.0,3.0
18-69-GR. CORRIDOR,GR. CORRIDOR,0.0,1.0,0.0,1.0,2.0,3.0
18-71-GR. CORRIDOR,GR. CORRIDOR,0.0,2.0,1.0,3.0,2.0,2.0
18-73-GR. CORRIDOR,GR. CORRIDOR,0.0,2.0,1.0,3.0,2.0,2.0
18-75-GR. CORRIDOR,GR. CORRIDOR,0.0,1.0,1.0,2.0,2.0,3.0
18-77-5VB1051,5VB1051,0.0,1.0,0.0,2.0,2.0,3.0
18-79-5VB1051,5VB1051,1.0,2.0,0.0,2.0,2.0,3.0
18-81-5VB1051,5VB1051,0.0,1.0,0.0,3.0,2.0,3.0
18-83-5VB1051,5VB1051,0.0,1.0,0.0,1.0,1.0,3.0
18-85-5VB1051,5VB1051,0.0,2.0,1.0,2.0,2.0,3.0
18-87-5VB1051,5VB1051,1.0,2.0,1.0,3.0,1.0,3.0
19-5-D04,D04,0.0,3.0,0.0,1.0,2.0,2.0
19-7-D04,D04,0.0,2.0,1.0,2.0,3.0,3.0
19-9-D04,D04,0.0,2.0,0.0,2.0,1.0,3.0
19-11-D04,D04,0.0,2.0,0.0,1.0,2.0,1.0
19-13-D04,D04,0.0,3.0,0.0,2.0,2.0,3.0
19-15-D04,D04,1.0,2.0,1.0,3.0,2.0,3.0
19-17-VL. ARDENNEN,VL. ARDENNEN,1.0,3.0,1.0,2.0,2.0,3.0
19-19-VL. ARDENNEN,VL. ARDENNEN,1.0,1.0,1.0,3.0,2.0,3.0
19-21-VL. ARDENNEN,VL. ARDENNEN,0.0,2.0,1.0,3.0,2.0,3.0
19-23-VL. ARDENNEN,VL. ARDENNEN,1.0,1.0,1.0,3.0,3.0,1.0
19-25-VL. ARDENNEN,VL. ARDENNEN,0.0,1.0,1.0,2.0,3.0,3.0
19-27-VL. ARDENNEN,VL. ARDENNEN,1.0,2.0,1.0,2.0,2.0,3.0
19-29-D01,D01,0.0,2.0,0.0,2.0,2.0,3.0
19-31-D01,D01,0.0,2.0,0.0,1.0,2.0,3.0
19-35-D01,D01,1.0,2.0,0.0,1.0,2.0,3.0
19-37-D01,D01,0.0,1.0,0.0,3.0,2.0,3.0
19-39-D01,D01,1.0,3.0,1.0,3.0,2.0,2.0
19-41-W.VL.HEUVELS,W.VL.HEUVELS,1.0,1.0,1.0,1.0,3.0,3.0
19-43-W.VL.HEUVELS,W.VL.HEUVELS,1.0,2.0,1.0,2.0,2.0,3.0
19-45-W.VL.HEUVELS,W.VL.HEUVELS,0.0,1.0,0.0,1.0,1.0,3.0
19-47-W.VL.HEUVELS,W.VL.HEUVELS,0.0,1.0,1.0,3.0,2.0,3.0
19-49-W.VL.HEUVELS,W.VL.HEUVELS,0.0,2.0,0.0,2.0,2.0,3.0
19-51-W.VL.HEUVELS,W.VL.HEUVELS,0.0,2.0,1.0,2.0,2.0,1.0
19-53-6VB1038,6VB1038,0.0,1.0,0.0,1.0,1.0,3.0
19-55-6VB1038,6VB1038,1.0,2.0,1.0,3.0,2.0,2.0
19-57-6VB1038,6VB1038,1.0,2.0,1.0,2.0,3.0,1.0
19-59-6VB1038,6VB1038,0.0,2.0,0.0,2.0,2.0,3.0
19-61-6VB1038,6VB1038,0.0,2.0,1.0,2.0,1.0,3.0
19-63-6VB1038,6VB1038,0.0,2.0,0.0,2.0,2.0,3.0
19-65-GR. CORRIDOR,GR. CORRIDOR,0.0,2.0,1.0,2.0,1.0,3.0
19-67-GR. CORRIDOR,GR. CORRIDOR,1.0,1.0,1.0,3.0,3.0,1.0
19-69-GR. CORRIDOR,GR. CORRIDOR,0.0,2.0,1.0,1.0,3.0,3.0
19-71-GR. CORRIDOR,GR. CORRIDOR,0.0,3.0,0.0,3.0,2.0,3.0
19-73-GR. CORRIDOR,GR. CORRIDOR,0.0,2.0,0.0,1.0,2.0,3.0
19-75-GR. CORRIDOR,GR. CORRIDOR,0.0,3.0,0.0,2.0,2.0,3.0
19-77-5VB1051,5VB1051,0.0,1.0,0.0,3.0,1.0,3.0
19-79-5VB1051,5VB1051,1.0,1.0,1.0,1.0,1.0,3.0
19-81-5VB1051,5VB1051,0.0,2.0,0.0,3.0,2.0,3.0
19-83-5VB1051,5VB1051,0.0,1.0,0.0,3.0,1.0,3.0
19-85-5VB1051,5VB1051,0.0,2.0,0.0,2.0,2.0,3.0
19-87-5VB1051,5VB1051,0.0,3.0,0.0,1.0,1.0,3.0
20-5-D04,D04,1.0,2.0,1.0,2.0,2.0,3.0
20-7-D04,D04,0.0,3.0,1.0,2.0,2.0,3.0
20-9-D04,D04,1.0,2.0,1.0,2.0,2.0,3.0
20-11-D04,D04,1.0,2.0,0.0,2.0,1.0,3.0
20-13-D04,D04,0.0,2.0,0.0,2.0,2.0,3.0
20-15-D04,D04,0.0,1.0,0.0,2.0,2.0,3.0
20-17-VL. ARDENNEN,VL. ARDENNEN,0.0,3.0,0.0,2.0,2.0,3.0
20-19-VL. ARDENNEN,VL. ARDENNEN,0.0,2.0,2.0,1.0,3.0,
20-21-VL. ARDENNEN,VL. ARDENNEN,0.0,1.0,1.0,2.0,2.0,2.0
20-23-VL. ARDENNEN,VL. ARDENNEN,0.0,1.0,0.0,2.0,2.0,3.0
20-25-VL. ARDENNEN,VL. ARDENNEN,0.0,3.0,0.0,2.0,2.0,3.0
20-27-VL. ARDENNEN,VL. ARDENNEN,0.0,2.0,0.0,2.0,1.0,1.0
20-29-D01,D01,0.0,2.0,0.0,3.0,2.0,3.0
20-31-D01,D01,1.0,2.0,1.0,2.0,2.0,3.0
20-33-D01,D01,0.0,1.0,0.0,1.0,2.0,3.0
20-35-D01,D01,1.0,1.0,1.0,3.0,2.0,3.0
20-37-D01,D01,0.0,3.0,0.0,2.0,2.0,3.0
20-39-D01,D01,1.0,2.0,0.0,3.0,1.0,3.0
20-41-W.VL.HEUVELS,W.VL.HEUVELS,1.0,2.0,0.0,2.0,2.0,3.0
20-43-W.VL.HEUVELS,W.VL.HEUVELS,1.0,2.0,2.0,2.0,3.0,
20-45-W.VL.HEUVELS,W.VL.HEUVELS,1.0,2.0,0.0,2.0,2.0,3.0
20-47-W.VL.HEUVELS,W.VL.HEUVELS,1.0,1.0,1.0,2.0,2.0,2.0
20-49-W.VL.HEUVELS,W.VL.HEUVELS,1.0,2.0,0.0,1.0,2.0,3.0
20-51-W.VL.HEUVELS,W.VL.HEUVELS,0.0,1.0,0.0,2.0,2.0,3.0
20-53-6VB1038,6VB1038,1.0,2.0,0.0,2.0,2.0,3.0
20-55-6VB1038,6VB1038,0.0,3.0,0.0,2.0,2.0,3.0
20-57-6VB1038,6VB1038,1.0,3.0,0.0,3.0,2.0,3.0
20-59-6VB1038,6VB1038,1.0,2.0,1.0,3.0,3.0,1.0
20-61-6VB1038,6VB1038,1.0,3.0,1.0,2.0,2.0,2.0
20-63-6VB1038,6VB1038,1.0,3.0,0.0,2.0,2.0,3.0
20-65-GR. CORRIDOR,GR. CORRIDOR,1.0,1.0,1.0,3.0,1.0,3.0
20-67-GR. CORRIDOR,GR. CORRIDOR,0.0,3.0,1.0,2.0,1.0,3.0
20-69-GR. CORRIDOR,GR. CORRIDOR,1.0,2.0,0.0,3.0,2.0,3.0
20-71-GR. CORRIDOR,GR. CORRIDOR,1.0,2.0,0.0,2.0,2.0,3.0
20-73-GR. CORRIDOR,GR. CORRIDOR,1.0,2.0,1.0,3.0,2.0,2.0
20-75-GR. CORRIDOR,GR. CORRIDOR,1.0,2.0,1.0,2.0,2.0,2.0
20-77-5VB1051,5VB1051,0.0,1.0,0.0,3.0,1.0,3.0
20-79-5VB1051,5VB1051,1.0,1.0,1.0,3.0,2.0,3.0
20-81-5VB1051,5VB1051,1.0,2.0,0.0,2.0,2.0,3.0
20-83-5VB1051,5VB1051,0.0,1.0,0.0,2.0,2.0,3.0
20-85-5VB1051,5VB1051,0.0,2.0,0.0,2.0,2.0,3.0
20-87-5VB1051,5VB1051,0.0,2.0,1.0,3.0,2.0,3.0
21-5-D04,D04,0.0,2.0,0.0,2.0,1.0,3.0
21-7-D04,D04,0.0,1.0,0.0,1.0,2.0,3.0
21-9-D04,D04,1.0,3.0,1.0,3.0,3.0,3.0
21-11-D04,D04,0.0,3.0,0.0,3.0,2.0,3.0
21-13-D04,D04,0.0,3.0,0.0,2.0,2.0,3.0
21-15-D04,D04,0.0,3.0,1.0,2.0,2.0,3.0
21-17-VL. ARDENNEN,VL. ARDENNEN,0.0,2.0,1.0,2.0,2.0,3.0
21-19-VL. ARDENNEN,VL. ARDENNEN,1.0,1.0,1.0,2.0,2.0,3.0
21-21-VL. ARDENNEN,VL. ARDENNEN,1.0,2.0,1.0,2.0,2.0,2.0
21-23-VL. ARDENNEN,VL. ARDENNEN,0.0,2.0,0.0,2.0,2.0,3.0
21-25-VL. ARDENNEN,VL. ARDENNEN,1.0,2.0,1.0,3.0,2.0,3.0
21-27-VL. ARDENNEN,VL. ARDENNEN,0.0,2.0,0.0,3.0,2.0,1.0
21-29-D01,D01,0.0,2.0,0.0,2.0,2.0,3.0
21-31-D01,D01,1.0,1.0,0.0,3.0,2.0,3.0
21-33-D01,D01,0.0,1.0,0.0,1.0,2.0,3.0
21-35-D01,D01,0.0,1.0,1.0,1.0,2.0,3.0
21-39-D01,D01,0.0,2.0,1.0,2.0,3.0,3.0
21-41-W.VL.HEUVELS,W.VL.HEUVELS,0.0,2.0,1.0,3.0,2.0,3.0
21-43-W.VL.HEUVELS,W.VL.HEUVELS,1.0,2.0,0.0,1.0,2.0,2.0
21-45-W.VL.HEUVELS,W.VL.HEUVELS,0.0,1.0,0.0,1.0,1.0,3.0
21-47-W.VL.HEUVELS,W.VL.HEUVELS,1.0,1.0,0.0,2.0,1.0,3.0
21-49-W.VL.HEUVELS,W.VL.HEUVELS,0.0,2.0,0.0,2.0,1.0,3.0
21-51-W.VL.HEUVELS,W.VL.HEUVELS,0.0,2.0,0.0,1.0,2.0,3.0
21-53-6VB1038,6VB1038,1.0,2.0,0.0,3.0,3.0,
21-55-6VB1038,6VB1038,1.0,2.0,0.0,2.0,1.0,3.0
21-57-6VB1038,6VB1038,0.0,3.0,0.0,2.0,1.0,3.0
21-59-6VB1038,6VB1038,0.0,1.0,0.0,2.0,1.0,3.0
21-61-6VB1038,6VB1038,1.0,3.0,0.0,2.0,1.0,3.0
21-63-6VB1038,6VB1038,0.0,2.0,1.0,2.0,2.0,3.0
21-65-GR. CORRIDOR,GR. CORRIDOR,0.0,1.0,0.0,3.0,1.0,3.0
21-67-GR. CORRIDOR,GR. CORRIDOR,0.0,2.0,0.0,2.0,2.0,3.0
21-69-GR. CORRIDOR,GR. CORRIDOR,0.0,2.0,0.0,2.0,1.0,1.0
21-71-GR. CORRIDOR,GR. CORRIDOR,0.0,2.0,0.0,2.0,3.0,1.0
21-73-GR. CORRIDOR,GR. CORRIDOR,0.0,1.0,1.0,3.0,3.0,3.0
21-75-GR. CORRIDOR,GR. CORRIDOR,0.0,1.0,0.0,3.0,2.0,3.0
21-77-5VB1051,5VB1051,0.0,2.0,1.0,2.0,2.0,3.0
21-79-5VB1051,5VB1051,0.0,3.0,0.0,2.0,2.0,3.0
21-81-5VB1051,5VB1051,0.0,2.0,1.0,3.0,1.0,3.0
21-83-5VB1051,5VB1051,0.0,1.0,0.0,3.0,1.0,3.0
21-85-5VB1051,5VB1051,0.0,1.0,0.0,3.0,1.0,3.0
21-87-5VB1051,5VB1051,1.0,2.0,0.0,2.0,2.0,3.0
22-17-5VB1034,5VB1034,0.0,3.0,0.0,2.0,2.0,3.0
22-19-5VB1034,5VB1034,1.0,2.0,0.0,2.0,2.0,3.0
22-21-5VB1034,5VB1034,1.0,2.0,0.0,1.0,2.0,3.0
22-23-5VB1034,5VB1034,0.0,3.0,0.0,2.0,1.0,3.0
22-25-5VB1034,5VB1034,1.0,2.0,0.0,2.0,2.0,2.0
22-27-5VB1034,5VB1034,0.0,1.0,0.0,3.0,1.0,3.0
22-29-D04,D04,1.0,2.0,0.0,2.0,2.0,3.0
22-31-D04,D04,0.0,1.0,1.0,1.0,1.0,3.0
22-33-D04,D04,0.0,1.0,0.0,1.0,2.0,3.0
22-35-D04,D04,0.0,3.0,0.0,1.0,1.0,1.0
22-37-D04,D04,0.0,2.0,0.0,2.0,2.0,3.0
22-39-D04,D04,0.0,2.0,1.0,1.0,2.0,3.0
22-41-VL. ARDENNEN,VL. ARDENNEN,0.0,2.0,1.0,2.0,2.0,3.0
22-43-VL. ARDENNEN,VL. ARDENNEN,1.0,1.0,0.0,2.0,1.0,2.0
22-45-VL. ARDENNEN,VL. ARDENNEN,0.0,2.0,1.0,2.0,2.0,3.0
22-47-VL. ARDENNEN,VL. ARDENNEN,1.0,2.0,0.0,2.0,2.0,3.0
22-49-VL. ARDENNEN,VL. ARDENNEN,0.0,2.0,0.0,2.0,2.0,3.0
22-51-VL. ARDENNEN,VL. ARDENNEN,0.0,3.0,0.0,2.0,2.0,3.0
22-53-D01,D01,1.0,3.0,0.0,2.0,2.0,3.0
22-55-D01,D01,1.0,3.0,0.0,3.0,3.0,3.0
22-57-D01,D01,1.0,2.0,1.0,2.0,3.0,3.0
22-59-D01,D01,0.0,3.0,0.0,2.0,2.0,3.0
22-61-D01,D01,0.0,1.0,0.0,2.0,2.0,3.0
22-63-D01,D01,1.0,2.0,0.0,2.0,2.0,3.0
22-65-W.VL.HEUVELS,W.VL.HEUVELS,0.0,1.0,0.0,3.0,1.0,3.0
22-67-W.VL.HEUVELS,W.VL.HEUVELS,1.0,3.0,1.0,2.0,2.0,3.0
22-69-W.VL.HEUVELS,W.VL.HEUVELS,0.0,1.0,0.0,1.0,2.0,3.0
22-71-W.VL.HEUVELS,W.VL.HEUVELS,0.0,1.0,0.0,2.0,1.0,3.0
22-73-W.VL.HEUVELS,W.VL.HEUVELS,0.0,3.0,0.0,2.0,2.0,3.0
22-75-W.VL.HEUVELS,W.VL.HEUVELS,1.0,2.0,1.0,1.0,2.0,3.0
22-77-6VB1038,6VB1038,0.0,2.0,0.0,2.0,2.0,3.0
22-79-6VB1038,6VB1038,1.0,2.0,1.0,3.0,1.0,3.0
22-81-6VB1038,6VB1038,1.0,2.0,3.0,3.0,2.0,3.0
22-83-6VB1038,6VB1038,1.0,1.0,0.0,3.0,2.0,3.0
22-85-6VB1038,6VB1038,0.0,2.0,0.0,3.0,1.0,3.0
22-87-6VB1038,6VB1038,1.0,2.0,0.0,2.0,2.0,3.0
23-17-5VB1034,5VB1034,1.0,2.0,1.0,3.0,1.0,3.0
23-19-5VB1034,5VB1034,0.0,1.0,1.0,2.0,1.0,3.0
23-21-5VB1034,5VB1034,0.0,2.0,0.0,3.0,2.0,3.0
23-23-5VB1034,5VB1034,0.0,1.0,1.0,2.0,2.0,3.0
23-25-5VB1034,5VB1034,0.0,2.0,0.0,2.0,2.0,3.0
23-27-5VB1034,5VB1034,0.0,1.0,1.0,2.0,2.0,3.0
23-29-D04,D04,0.0,2.0,0.0,2.0,1.0,3.0
23-31-D04,D04,1.0,1.0,0.0,3.0,2.0,3.0
23-33-D04,D04,0.0,2.0,0.0,3.0,1.0,3.0
23-35-D04,D04,1.0,2.0,0.0,3.0,2.0,3.0
23-37-D04,D04,0.0,1.0,1.0,3.0,2.0,3.0
23-39-D04,D04,0.0,2.0,0.0,1.0,1.0,3.0
23-41-VL. ARDENNEN,VL. ARDENNEN,0.0,2.0,1.0,2.0,2.0,3.0
23-43-VL. ARDENNEN,VL. ARDENNEN,1.0,1.0,0.0,1.0,1.0,3.0
23-45-VL. ARDENNEN,VL. ARDENNEN,0.0,3.0,0.0,1.0,1.0,3.0
23-47-VL. ARDENNEN,VL. ARDENNEN,0.0,2.0,0.0,2.0,2.0,3.0
23-49-VL. ARDENNEN,VL. ARDENNEN,1.0,2.0,0.0,1.0,2.0,2.0
23-51-VL. ARDENNEN,VL. ARDENNEN,0.0,2.0,0.0,1.0,2.0,3.0
23-53-D01,D01,0.0,3.0,0.0,2.0,2.0,3.0
23-55-D01,D01,0.0,2.0,0.0,2.0,1.0,3.0
23-57-D01,D01,0.0,1.0,0.0,3.0,1.0,3.0
23-59-D01,D01,0.0,2.0,0.0,1.0,2.0,3.0
23-61-D01,D01,0.0,2.0,0.0,2.0,2.0,3.0
23-63-D01,D01,0.0,1.0,1.0,3.0,2.0,3.0
23-65-W.VL.HEUVELS,W.VL.HEUVELS,0.0,2.0,0.0,1.0,1.0,3.0
23-67-W.VL.HEUVELS,W.VL.HEUVELS,1.0,1.0,0.0,2.0,3.0,2.0
23-69-W.VL.HEUVELS,W.VL.HEUVELS,0.0,1.0,0.0,1.0,1.0,3.0
23-71-W.VL.HEUVELS,W.VL.HEUVELS,0.0,2.0,0.0,1.0,2.0,3.0
23-73-W.VL.HEUVELS,W.VL.HEUVELS,0.0,1.0,0.0,1.0,2.0,3.0
23-75-W.VL.HEUVELS,W.VL.HEUVELS,0.0,1.0,0.0,1.0,1.0,3.0
23-77-6VB1038,6VB1038,0.0,2.0,0.0,2.0,1.0,3.0
23-79-6VB1038,6VB1038,0.0,1.0,0.0,2.0,2.0,3.0
23-81-6VB1038,6VB1038,0.0,1.0,0.0,3.0,1.0,3.0
23-83-6VB1038,6VB1038,0.0,1.0,1.0,2.0,2.0,3.0
23-85-6VB1038,6VB1038,1.0,3.0,1.0,2.0,2.0,3.0
23-87-6VB1038,6VB1038,1.0,3.0,0.0,2.0,2.0,2.0
24-17-5VB1034,5VB1034,0.0,2.0,1.0,3.0,2.0,3.0
24-19-5VB1034,5VB1034,0.0,2.0,0.0,2.0,2.0,3.0
24-21-5VB1034,5VB1034,1.0,1.0,0.0,1.0,2.0,3.0
24-23-5VB1034,5VB1034,1.0,2.0,1.0,2.0,2.0,3.0
24-25-5VB1034,5VB1034,0.0,2.0,0.0,2.0,2.0,3.0
24-27-5VB1034,5VB1034,0.0,2.0,1.0,3.0,2.0,3.0
24-29-D04,D04,1.0,2.0,0.0,2.0,3.0,2.0
24-31-D04,D04,0.0,1.0,1.0,2.0,1.0,3.0
24-33-D04,D04,1.0,2.0,0.0,2.0,1.0,2.0
24-35-D04,D04,1.0,1.0,0.0,3.0,2.0,3.0
24-37-D04,D04,1.0,1.0,1.0,3.0,2.0,3.0
24-39-D04,D04,0.0,2.0,0.0,2.0,2.0,3.0
24-41-VL. ARDENNEN,VL. ARDENNEN,0.0,2.0,0.0,2.0,2.0,2.0
24-43-VL. ARDENNEN,VL. ARDENNEN,1.0,1.0,0.0,2.0,1.0,3.0
24-45-VL. ARDENNEN,VL. ARDENNEN,0.0,3.0,1.0,2.0,2.0,3.0
24-47-VL. ARDENNEN,VL. ARDENNEN,0.0,3.0,0.0,1.0,2.0,2.0
24-49-VL. ARDENNEN,VL. ARDENNEN,1.0,2.0,0.0,2.0,1.0,3.0
24-51-VL. ARDENNEN,VL. ARDENNEN,0.0,2.0,0.0,2.0,2.0,3.0
24-53-D01,D01,0.0,3.0,0.0,1.0,2.0,3.0
24-55-D01,D01,0.0,3.0,0.0,2.0,3.0,3.0
24-57-D01,D01,0.0,3.0,0.0,2.0,2.0,3.0
24-59-D01,D01,0.0,3.0,0.0,2.0,1.0,3.0
24-61-D01,D01,1.0,2.0,0.0,2.0,1.0,3.0
24-63-D01,D01,0.0,2.0,1.0,2.0,2.0,3.0
24-65-W.VL.HEUVELS,W.VL.HEUVELS,0.0,3.0,0.0,2.0,3.0,3.0
24-67-W.VL.HEUVELS,W.VL.HEUVELS,1.0,1.0,0.0,3.0,2.0,3.0
24-69-W.VL.HEUVELS,W.VL.HEUVELS,1.0,2.0,1.0,3.0,2.0,3.0
24-71-W.VL.HEUVELS,W.VL.HEUVELS,0.0,2.0,0.0,1.0,2.0,3.0
24-73-W.VL.HEUVELS,W.VL.HEUVELS,0.0,2.0,0.0,2.0,2.0,3.0
24-75-W.VL.HEUVELS,W.VL.HEUVELS,0.0,2.0,0.0,2.0,2.0,3.0
24-77-6VB1038,6VB1038,0.0,1.0,0.0,2.0,2.0,3.0
24-79-6VB1038,6VB1038,0.0,3.0,1.0,3.0,3.0,3.0
24-81-6VB1038,6VB1038,1.0,3.0,0.0,1.0,2.0,3.0
24-83-6VB1038,6VB1038,0.0,3.0,1.0,2.0,2.0,3.0
24-85-6VB1038,6VB1038,0.0,1.0,1.0,3.0,1.0,3.0
24-87-6VB1038,6VB1038,0.0,3.0,0.0,2.0,2.0,2.0
25-17-5VB1034,5VB1034,1.0,1.0,1.0,3.0,1.0,3.0
25-19-5VB1034,5VB1034,0.0,1.0,0.0,3.0,2.0,3.0
25-21-5VB1034,5VB1034,0.0,2.0,0.0,2.0,2.0,3.0
25-23-5VB1034,5VB1034,0.0,2.0,0.0,2.0,2.0,3.0
25-25-5VB1034,5VB1034,1.0,2.0,0.0,3.0,2.0,3.0
25-27-5VB1034,5VB1034,1.0,1.0,0.0,3.0,3.0,3.0
25-29-D04,D04,1.0,2.0,0.0,2.0,1.0,3.0
25-31-D04,D04,1.0,2.0,0.0,3.0,2.0,3.0
25-33-D04,D04,1.0,2.0,0.0,2.0,2.0,3.0
25-35-D04,D04,0.0,2.0,0.0,1.0,2.0,1.0
25-37-D04,D04,1.0,1.0,3.0,2.0,3.0,
25-39-D04,D04,1.0,2.0,0.0,2.0,2.0,3.0
25-41-VL. ARDENNEN,VL. ARDENNEN,1.0,2.0,1.0,2.0,2.0,3.0
25-43-VL. ARDENNEN,VL. ARDENNEN,0.0,2.0,0.0,2.0,1.0,3.0
25-45-VL. ARDENNEN,VL. ARDENNEN,0.0,2.0,1.0,3.0,2.0,3.0
25-47-VL. ARDENNEN,VL. ARDENNEN,0.0,1.0,0.0,2.0,2.0,3.0
25-49-VL. ARDENNEN,VL. ARDENNEN,1.0,2.0,0.0,2.0,2.0,3.0
25-51-VL. ARDENNEN,VL. ARDENNEN,0.0,2.0,0.0,2.0,2.0,3.0
25-53-D01,D01,0.0,3.0,1.0,2.0,2.0,3.0
25-55-D01,D01,0.0,2.0,0.0,1.0,2.0,3.0
25-57-D01,D01,0.0,3.0,0.0,1.0,2.0,3.0
25-59-D01,D01,0.0,3.0,0.0,2.0,2.0,3.0
25-61-D01,D01,0.0,2.0,0.0,1.0,2.0,3.0
25-63-D01,D01,1.0,2.0,0.0,2.0,2.0,3.0
25-65-W.VL.HEUVELS,W.VL.HEUVELS,0.0,2.0,0.0,1.0,1.0,3.0
25-67-W.VL.HEUVELS,W.VL.HEUVELS,0.0,2.0,0.0,2.0,1.0,3.0
25-69-W.VL.HEUVELS,W.VL.HEUVELS,0.0,1.0,0.0,2.0,2.0,3.0
25-71-W.VL.HEUVELS,W.VL.HEUVELS,0.0,3.0,0.0,2.0,2.0,3.0
25-73-W.VL.HEUVELS,W.VL.HEUVELS,0.0,2.0,0.0,1.0,2.0,3.0
25-75-W.VL.HEUVELS,W.VL.HEUVELS,0.0,1.0,0.0,2.0,2.0,3.0
25-77-6VB1038,6VB1038,0.0,1.0,0.0,2.0,2.0,3.0
25-79-6VB1038,6VB1038,1.0,2.0,1.0,3.0,2.0,1.0
25-81-6VB1038,6VB1038,0.0,2.0,0.0,1.0,2.0,3.0
25-83-6VB1038,6VB1038,0.0,1.0,0.0,2.0,2.0,3.0
25-85-6VB1038,6VB1038,0.0,2.0,1.0,3.0,2.0,3.0
25-87-6VB1038,6VB1038,0.0,1.0,0.0,3.0,1.0,1.0
26-17-5VB1034,5VB1034,0.0,2.0,0.0,1.0,1.0,3.0
26-21-5VB1034,5VB1034,0.0,2.0,0.0,2.0,1.0,3.0
26-23-5VB1034,5VB1034,0.0,2.0,0.0,2.0,2.0,3.0
26-25-5VB1034,5VB1034,0.0,1.0,1.0,3.0,2.0,3.0
26-27-5VB1034,5VB1034,1.0,2.0,1.0,1.0,2.0,3.0
26-29-D04,D04,0.0,1.0,0.0,1.0,2.0,2.0
26-31-D04,D04,0.0,2.0,0.0,2.0,2.0,3.0
26-33-D04,D04,1.0,2.0,1.0,3.0,2.0,3.0
26-35-D04,D04,0.0,2.0,0.0,2.0,2.0,3.0
26-37-D04,D04,0.0,1.0,0.0,3.0,2.0,3.0
26-39-D04,D04,1.0,2.0,0.0,2.0,2.0,3.0
26-41-VL. ARDENNEN,VL. ARDENNEN,0.0,2.0,1.0,2.0,2.0,3.0
26-43-VL. ARDENNEN,VL. ARDENNEN,0.0,2.0,0.0,1.0,2.0,3.0
26-45-VL. ARDENNEN,VL. ARDENNEN,1.0,2.0,0.0,2.0,1.0,3.0
26-47-VL. ARDENNEN,VL. ARDENNEN,0.0,3.0,0.0,1.0,2.0,3.0
26-49-VL. ARDENNEN,VL. ARDENNEN,1.0,1.0,0.0,1.0,2.0,3.0
26-51-VL. ARDENNEN,VL. ARDENNEN,0.0,2.0,1.0,2.0,2.0,2.0
26-53-D01,D01,0.0,2.0,0.0,2.0,2.0,3.0
26-55-D01,D01,1.0,2.0,0.0,3.0,2.0,3.0
26-57-D01,D01,0.0,2.0,0.0,1.0,2.0,3.0
26-59-D01,D01,0.0,3.0,0.0,2.0,2.0,3.0
26-61-D01,D01,0.0,3.0,0.0,1.0,1.0,3.0
26-63-D01,D01,0.0,3.0,1.0,2.0,2.0,2.0
26-65-W.VL.HEUVELS,W.VL.HEUVELS,1.0,1.0,0.0,1.0,2.0,3.0
26-67-W.VL.HEUVELS,W.VL.HEUVELS,1.0,1.0,0.0,2.0,1.0,3.0
26-69-W.VL.HEUVELS,W.VL.HEUVELS,0.0,2.0,0.0,1.0,2.0,3.0
26-71-W.VL.HEUVELS,W.VL.HEUVELS,0.0,2.0,1.0,3.0,2.0,2.0
26-73-W.VL.HEUVELS,W.VL.HEUVELS,1.0,2.0,0.0,2.0,2.0,3.0
26-75-W.VL.HEUVELS,W.VL.HEUVELS,1.0,1.0,0.0,2.0,2.0,3.0
26-77-6VB1038,6VB1038,0.0,2.0,1.0,3.0,2.0,3.0
26-79-6VB1038,6VB1038,1.0,2.0,0.0,2.0,2.0,3.0
26-81-6VB1038,6VB1038,0.0,2.0,0.0,2.0,2.0,3.0
26-83-6VB1038,6VB1038,1.0,3.0,0.0,3.0,1.0,3.0
26-85-6VB1038,6VB1038,1.0,2.0,1.0,3.0,1.0,3.0
26-87-6VB1038,6VB1038,1.0,1.0,0.0,3.0,1.0,3.0
27-17-5VB1034,5VB1034,1.0,3.0,0.0,2.0,2.0,3.0
27-19-5VB1034,5VB1034,1.0,2.0,0.0,1.0,2.0,3.0
27-21-5VB1034,5VB1034,1.0,1.0,0.0,1.0,2.0,3.0
27-23-5VB1034,5VB1034,0.0,1.0,1.0,1.0,2.0,3.0
27-25-5VB1034,5VB1034,1.0,1.0,0.0,2.0,2.0,3.0
27-27-5VB1034,5VB1034,1.0,2.0,1.0,1.0,1.0,3.0
27-29-D04,D04,0.0,1.0,0.0,3.0,2.0,3.0
27-31-D04,D04,0.0,1.0,0.0,1.0,1.0,3.0
27-33-D04,D04,1.0,1.0,0.0,3.0,2.0,3.0
27-35-D04,D04,1.0,2.0,0.0,2.0,2.0,3.0
27-37-D04,D04,1.0,1.0,0.0,2.0,1.0,3.0
27-39-D04,D04,1.0,2.0,1.0,2.0,2.0,1.0
27-41-VL. ARDENNEN,VL. ARDENNEN,1.0,2.0,0.0,2.0,2.0,3.0
27-43-VL. ARDENNEN,VL. ARDENNEN,0.0,2.0,0.0,1.0,1.0,3.0
27-45-VL. ARDENNEN,VL. ARDENNEN,0.0,3.0,0.0,2.0,2.0,3.0
27-47-VL. ARDENNEN,VL. ARDENNEN,0.0,2.0,0.0,1.0,2.0,3.0
27-49-VL. ARDENNEN,VL. ARDENNEN,0.0,2.0,0.0,2.0,2.0,3.0
27-51-VL. ARDENNEN,VL. ARDENNEN,1.0,1.0,0.0,1.0,1.0,3.0
27-53-D01,D01,0.0,2.0,0.0,2.0,1.0,3.0
27-55-D01,D01,0.0,2.0,0.0,2.0,2.0,3.0
27-57-D01,D01,0.0,2.0,0.0,2.0,1.0,3.0
27-59-D01,D01,0.0,2.0,0.0,1.0,2.0,3.0
27-61-D01,D01,1.0,3.0,0.0,2.0,2.0,3.0
27-63-D01,D01,0.0,2.0,0.0,2.0,3.0,3.0
27-65-W.VL.HEUVELS,W.VL.HEUVELS,0.0,1.0,1.0,2.0,2.0,3.0
27-67-W.VL.HEUVELS,W.VL.HEUVELS,1.0,2.0,1.0,2.0,2.0,3.0
27-69-W.VL.HEUVELS,W.VL.HEUVELS,0.0,2.0,0.0,2.0,1.0,3.0
27-71-W.VL.HEUVELS,W.VL.HEUVELS,1.0,1.0,0.0,3.0,2.0,2.0
27-73-W.VL.HEUVELS,W.VL.HEUVELS,1.0,2.0,1.0,3.0,2.0,3.0
27-75-W.VL.HEUVELS,W.VL.HEUVELS,0.0,2.0,0.0,3.0,2.0,3.0
27-77-6VB1038,6VB1038,0.0,2.0,0.0,2.0,1.0,3.0
27-79-6VB1038,6VB1038,0.0,1.0,0.0,2.0,2.0,3.0
27-81-6VB1038,6VB1038,0.0,2.0,0.0,2.0,2.0,3.0
27-83-6VB1038,6VB1038,1.0,3.0,0.0,3.0,2.0,3.0
27-85-6VB1038,6VB1038,1.0,2.0,0.0,3.0,1.0,3.0
27-87-6VB1038,6VB1038,0.0,2.0,0.0,2.0,1.0,3.0
