id,category,Dikte10cm.csv,Dikte1m.csv,tailles.csv
4-7-5VB1034,5VB1034,13.0,5.0,201.0
4-9-GR. CORRIDOR,GR. CORRIDOR,9.5,,104.0
4-11-GR. CORRIDOR,GR. CORRIDOR,6.0,,75.0
4-13-VL. ARDENNEN,VL. ARDENNEN,12.5,7.5,310.0
4-15-VL. ARDENNEN,VL. ARDENNEN,12.0,7.5,310.0
4-17-GR. CORRIDOR,GR. CORRIDOR,11.0,7.5,313.0
4-19-GR. CORRIDOR,GR. CORRIDOR,12.0,6.5,232.0
4-21-GR. CORRIDOR,GR. CORRIDOR,6.0,,105.0
4-23-GR. CORRIDOR,GR. CORRIDOR,15.5,3.5,198.0
4-25-GR. CORRIDOR,GR. CORRIDOR,10.0,,85.0
4-27-GR. CORRIDOR,GR. CORRIDOR,9.0,,103.0
4-29-5VB1051,5VB1051,11.0,6.5,231.0
4-31-5VB1051,5VB1051,12.0,4.0,210.0
4-33-5VB1051,5VB1051,8.0,3.0,177.0
4-35-5VB1051,5VB1051,12.0,3.0,151.0
4-37-5VB1051,5VB1051,19.0,13.5,387.0
4-39-5VB1051,5VB1051,19.5,12.5,333.0
4-41-HONGARIJE,HONGARIJE,11.0,,88.0
4-43-HONGARIJE,HONGARIJE,9.0,4.0,257.0
4-45-HONGARIJE,HONGARIJE,8.0,3.5,203.0
4-47-HONGARIJE,HONGARIJE,6.5,2.5,170.0
5-7-GR. CORRIDOR,GR. CORRIDOR,9.0,1.0,122.0
5-9-GR. CORRIDOR,GR. CORRIDOR,3.5,,100.0
5-11-GR. CORRIDOR,GR. CORRIDOR,7.5,1.0,150.0
5-13-VL. ARDENNEN,VL. ARDENNEN,13.0,8.5,260.0
5-15-VL. ARDENNEN,VL. ARDENNEN,10.0,4.0,234.0
5-17-GR. CORRIDOR,GR. CORRIDOR,16.0,10.5,304.0
5-19-GR. CORRIDOR,GR. CORRIDOR,13.0,6.5,255.0
5-21-GR. CORRIDOR,GR. CORRIDOR,15.0,6.0,263.0
5-23-GR. CORRIDOR,GR. CORRIDOR,12.0,6.0,205.0
5-25-GR. CORRIDOR,GR. CORRIDOR,13.0,6.0,301.0
5-27-GR. CORRIDOR,GR. CORRIDOR,7.0,,99.0
5-29-5VB1051,5VB1051,13.0,6.0,235.0
5-31-5VB1051,5VB1051,11.5,4.5,185.0
5-33-5VB1051,5VB1051,11.0,3.5,225.0
5-35-5VB1051,5VB1051,12.0,2.5,132.0
5-37-5VB1051,5VB1051,19.0,13.5,388.0
5-39-5VB1051,5VB1051,15.0,8.0,349.0
5-41-HONGARIJE,HONGARIJE,13.0,6.5,255.0
5-43-HONGARIJE,HONGARIJE,7.0,4.0,209.0
5-45-HONGARIJE,HONGARIJE,7.5,2.0,139.0
5-47-HONGARIJE,HONGARIJE,7.0,3.0,189.0
6-13-VL. ARDENNEN,VL. ARDENNEN,5.5,,55.0
6-15-VL. ARDENNEN,VL. ARDENNEN,2.0,,
6-17-GR. CORRIDOR,GR. CORRIDOR,15.0,9.0,390.0
6-19-GR. CORRIDOR,GR. CORRIDOR,11.0,3.5,239.0
6-21-GR. CORRIDOR,GR. CORRIDOR,14.0,7.0,312.0
6-23-GR. CORRIDOR,GR. CORRIDOR,13.0,8.5,343.0
6-25-GR. CORRIDOR,GR. CORRIDOR,10.0,3.0,206.0
6-27-GR. CORRIDOR,GR. CORRIDOR,8.0,2.5,187.0
6-29-5VB1051,5VB1051,8.0,3.0,155.0
6-31-5VB1051,5VB1051,11.5,,65.0
6-33-5VB1051,5VB1051,9.0,2.5,157.0
6-35-5VB1051,5VB1051,11.5,7.0,240.0
6-37-5VB1051,5VB1051,11.0,,102.0
6-39-5VB1051,5VB1051,13.5,6.5,182.0
6-41-HONGARIJE,HONGARIJE,13.0,8.5,291.0
6-43-HONGARIJE,HONGARIJE,15.0,9.5,270.0
6-45-HONGARIJE,HONGARIJE,7.5,3.0,166.0
6-47-HONGARIJE,HONGARIJE,8.0,4.0,204.0
7-7-GR. CORRIDOR,GR. CORRIDOR,9.0,5.0,243.0
7-11-GR. CORRIDOR,GR. CORRIDOR,8.0,3.5,201.0
7-15-VL. ARDENNEN,VL. ARDENNEN,11.5,3.0,171.0
7-17-GR. CORRIDOR,GR. CORRIDOR,16.0,10.0,361.0
7-19-GR. CORRIDOR,GR. CORRIDOR,14.0,8.0,308.0
7-21-GR. CORRIDOR,GR. CORRIDOR,15.5,7.5,256.0
7-23-GR. CORRIDOR,GR. CORRIDOR,11.5,6.0,241.0
7-25-GR. CORRIDOR,GR. CORRIDOR,11.5,,95.0
7-27-GR. CORRIDOR,GR. CORRIDOR,13.0,7.0,185.0
7-29-5VB1051,5VB1051,11.0,1.5,163.0
7-31-5VB1051,5VB1051,13.0,,100.0
7-33-5VB1051,5VB1051,12.0,5.5,289.0
7-35-5VB1051,5VB1051,13.0,4.0,212.0
7-37-5VB1051,5VB1051,10.0,4.0,206.0
7-39-5VB1051,5VB1051,10.0,8.0,299.0
7-41-HONGARIJE,HONGARIJE,11.5,6.5,278.0
7-43-HONGARIJE,HONGARIJE,6.0,,99.0
7-45-HONGARIJE,HONGARIJE,9.5,3.5,187.0
7-47-HONGARIJE,HONGARIJE,4.5,0.5,135.0
8-11-VL. ARDENNEN,VL. ARDENNEN,11.5,3.5,167.0
8-13-VL. ARDENNEN,VL. ARDENNEN,8.0,2.5,187.0
8-15-VL. ARDENNEN,VL. ARDENNEN,9.5,2.5,165.0
8-17-GR. CORRIDOR,GR. CORRIDOR,14.5,9.5,330.0
8-19-GR. CORRIDOR,GR. CORRIDOR,16.5,9.5,363.0
8-21-GR. CORRIDOR,GR. CORRIDOR,17.0,11.0,376.0
8-23-GR. CORRIDOR,GR. CORRIDOR,9.0,5.0,245.0
8-25-GR. CORRIDOR,GR. CORRIDOR,10.0,4.5,160.0
8-27-GR. CORRIDOR,GR. CORRIDOR,10.5,3.5,173.0
8-29-5VB1051,5VB1051,13.0,1.0,155.0
8-31-5VB1051,5VB1051,14.0,4.5,230.0
8-33-5VB1051,5VB1051,13.0,8.5,314.0
8-35-5VB1051,5VB1051,12.0,5.5,290.0
8-37-5VB1051,5VB1051,12.0,7.0,254.0
8-39-5VB1051,5VB1051,9.0,6.0,254.0
8-41-HONGARIJE,HONGARIJE,6.5,1.5,145.0
8-43-HONGARIJE,HONGARIJE,9.0,5.0,203.0
8-45-HONGARIJE,HONGARIJE,12.0,5.0,193.0
8-47-HONGARIJE,HONGARIJE,8.0,1.0,163.0
9-5-VL. ARDENNEN,VL. ARDENNEN,8.5,2.0,148.0
9-7-VL. ARDENNEN,VL. ARDENNEN,12.5,1.0,124.0
9-9-VL. ARDENNEN,VL. ARDENNEN,8.5,2.0,206.0
9-11-VL. ARDENNEN,VL. ARDENNEN,11.0,7.5,296.0
9-13-VL. ARDENNEN,VL. ARDENNEN,15.5,10.0,296.0
9-15-VL. ARDENNEN,VL. ARDENNEN,12.0,7.5,319.0
9-17-GR. CORRIDOR,GR. CORRIDOR,15.0,9.5,401.0
9-19-GR. CORRIDOR,GR. CORRIDOR,17.0,7.0,328.0
9-21-GR. CORRIDOR,GR. CORRIDOR,11.0,4.0,182.0
9-23-GR. CORRIDOR,GR. CORRIDOR,12.0,4.0,203.0
9-25-GR. CORRIDOR,GR. CORRIDOR,11.0,6.0,293.0
9-27-GR. CORRIDOR,GR. CORRIDOR,11.5,7.0,327.0
9-29-5VB1051,5VB1051,8.0,,142.0
9-31-5VB1051,5VB1051,14.0,9.0,339.0
9-33-5VB1051,5VB1051,7.0,1.5,132.0
9-35-5VB1051,5VB1051,9.0,4.5,241.0
9-37-5VB1051,5VB1051,13.0,6.0,194.0
9-39-5VB1051,5VB1051,16.0,11.5,373.0
9-41-HONGARIJE,HONGARIJE,9.0,0.5,121.0
9-43-HONGARIJE,HONGARIJE,10.0,3.0,187.0
9-45-HONGARIJE,HONGARIJE,9.0,5.5,246.0
9-47-HONGARIJE,HONGARIJE,8.5,,93.0
10-5-D01,D01,11.0,7.0,245.0
10-7-D01,D01,9.0,6.0,263.0
10-9-D01,D01,14.5,8.5,276.0
10-11-D01,D01,9.0,5.0,201.0
10-13-D01,D01,11.0,6.0,275.0
10-15-D01,D01,8.0,0.5,112.0
10-17-W.VL.HEUVELS,W.VL.HEUVELS,11.5,3.0,213.0
10-19-W.VL.HEUVELS,W.VL.HEUVELS,10.0,4.5,235.0
10-21-W.VL.HEUVELS,W.VL.HEUVELS,13.0,10.0,401.0
10-23-W.VL.HEUVELS,W.VL.HEUVELS,13.0,9.5,296.0
10-25-W.VL.HEUVELS,W.VL.HEUVELS,10.5,5.5,253.0
10-27-W.VL.HEUVELS,W.VL.HEUVELS,13.0,7.0,286.0
10-29-6VB1038,6VB1038,12.0,4.0,235.0
10-31-6VB1038,6VB1038,9.0,3.0,197.0
10-33-6VB1038,6VB1038,16.0,12.5,313.0
10-35-6VB1038,6VB1038,10.0,4.5,263.0
10-37-6VB1038,6VB1038,14.0,3.0,177.0
10-39-6VB1038,6VB1038,7.0,0.5,143.0
10-41-GR. CORRIDOR,GR. CORRIDOR,10.0,5.0,231.0
10-43-GR. CORRIDOR,GR. CORRIDOR,11.0,7.5,263.0
10-45-GR. CORRIDOR,GR. CORRIDOR,8.5,1.0,126.0
10-47-GR. CORRIDOR,GR. CORRIDOR,14.0,7.0,280.0
11-5-D01,D01,8.5,3.5,206.0
11-7-D01,D01,11.0,5.5,207.0
11-9-D01,D01,9.5,5.0,211.0
11-11-D01,D01,12.0,5.0,242.0
11-13-D01,D01,14.5,8.5,340.0
11-15-D01,D01,14.0,8.5,345.0
11-17-W.VL.HEUVELS,W.VL.HEUVELS,14.5,8.5,260.0
11-19-W.VL.HEUVELS,W.VL.HEUVELS,12.5,8.0,337.0
11-21-W.VL.HEUVELS,W.VL.HEUVELS,13.0,8.0,322.0
11-23-W.VL.HEUVELS,W.VL.HEUVELS,11.0,5.0,294.0
11-25-W.VL.HEUVELS,W.VL.HEUVELS,9.5,5.5,187.0
11-27-W.VL.HEUVELS,W.VL.HEUVELS,10.0,6.5,293.0
11-29-6VB1038,6VB1038,7.0,3.5,177.0
11-31-6VB1038,6VB1038,10.0,5.0,231.0
11-33-6VB1038,6VB1038,10.0,5.0,299.0
11-35-6VB1038,6VB1038,12.5,7.5,296.0
11-37-6VB1038,6VB1038,11.0,5.0,221.0
11-39-6VB1038,6VB1038,11.5,3.0,200.0
11-41-GR. CORRIDOR,GR. CORRIDOR,10.0,3.5,195.0
11-43-GR. CORRIDOR,GR. CORRIDOR,8.0,,113.0
11-45-GR. CORRIDOR,GR. CORRIDOR,7.0,2.5,152.0
11-47-GR. CORRIDOR,GR. CORRIDOR,8.0,1.5,146.0
12-5-D01,D01,10.0,4.0,158.0
12-7-D01,D01,8.0,4.5,236.0
12-9-D01,D01,14.0,9.5,325.0
12-11-D01,D01,14.0,9.0,386.0
12-13-D01,D01,15.0,10.0,350.0
12-15-D01,D01,13.0,8.0,300.0
12-17-W.VL.HEUVELS,W.VL.HEUVELS,11.5,7.0,286.0
12-19-W.VL.HEUVELS,W.VL.HEUVELS,12.5,6.5,278.0
12-21-W.VL.HEUVELS,W.VL.HEUVELS,10.0,6.5,351.0
12-23-W.VL.HEUVELS,W.VL.HEUVELS,13.5,8.0,364.0
12-25-W.VL.HEUVELS,W.VL.HEUVELS,16.0,8.0,267.0
12-27-W.VL.HEUVELS,W.VL.HEUVELS,9.0,3.5,175.0
12-29-6VB1038,6VB1038,14.0,7.0,265.0
12-31-6VB1038,6VB1038,13.0,7.0,324.0
12-33-6VB1038,6VB1038,13.0,5.0,246.0
12-35-6VB1038,6VB1038,11.0,3.5,199.0
12-37-6VB1038,6VB1038,8.0,0.5,121.0
12-39-6VB1038,6VB1038,8.5,2.0,159.0
12-41-GR. CORRIDOR,GR. CORRIDOR,7.0,1.0,130.0
12-43-GR. CORRIDOR,GR. CORRIDOR,5.0,,80.0
12-45-GR. CORRIDOR,GR. CORRIDOR,10.0,4.0,203.0
12-47-GR. CORRIDOR,GR. CORRIDOR,7.0,1.0,128.0
13-5-D01,D01,9.5,5.5,226.0
13-7-D01,D01,11.0,3.0,157.0
13-9-D01,D01,10.0,7.5,245.0
13-11-D01,D01,15.0,10.0,285.0
13-13-D01,D01,9.5,1.0,163.0
13-15-D01,D01,13.5,10.0,321.0
13-17-W.VL.HEUVELS,W.VL.HEUVELS,17.0,9.5,380.0
13-19-W.VL.HEUVELS,W.VL.HEUVELS,15.0,9.0,314.0
13-21-W.VL.HEUVELS,W.VL.HEUVELS,7.0,2.0,172.0
13-23-W.VL.HEUVELS,W.VL.HEUVELS,11.0,6.0,326.0
13-25-W.VL.HEUVELS,W.VL.HEUVELS,10.5,4.5,186.0
13-27-W.VL.HEUVELS,W.VL.HEUVELS,9.0,1.5,154.0
13-29-6VB1038,6VB1038,12.0,5.5,267.0
13-31-6VB1038,6VB1038,10.0,3.0,175.0
13-33-6VB1038,6VB1038,7.0,1.0,138.0
13-35-6VB1038,6VB1038,12.5,8.0,330.0
13-37-6VB1038,6VB1038,6.0,,84.0
13-39-6VB1038,6VB1038,7.0,4.5,225.0
13-41-GR. CORRIDOR,GR. CORRIDOR,13.0,9.0,257.0
13-43-GR. CORRIDOR,GR. CORRIDOR,9.0,5.0,238.0
13-45-GR. CORRIDOR,GR. CORRIDOR,7.0,3.5,198.0
13-47-GR. CORRIDOR,GR. CORRIDOR,6.0,,94.0
14-5-D01,D01,11.0,4.5,204.0
14-7-D01,D01,9.5,3.5,197.0
14-9-D01,D01,12.0,6.5,252.0
14-11-D01,D01,12.5,8.5,281.0
14-13-D01,D01,14.0,9.5,345.0
14-15-D01,D01,16.0,12.0,356.0
14-17-W.VL.HEUVELS,W.VL.HEUVELS,19.5,13.0,370.0
14-19-W.VL.HEUVELS,W.VL.HEUVELS,19.5,12.0,278.0
14-21-W.VL.HEUVELS,W.VL.HEUVELS,12.0,7.0,245.0
14-23-W.VL.HEUVELS,W.VL.HEUVELS,12.0,6.0,270.0
14-25-W.VL.HEUVELS,W.VL.HEUVELS,11.5,4.0,210.0
14-27-W.VL.HEUVELS,W.VL.HEUVELS,11.0,5.0,225.0
14-29-6VB1038,6VB1038,12.0,0.5,140.0
14-31-6VB1038,6VB1038,11.0,4.5,197.0
14-33-6VB1038,6VB1038,6.0,0.5,120.0
14-35-6VB1038,6VB1038,10.5,5.0,238.0
14-37-6VB1038,6VB1038,9.0,0.5,135.0
14-39-6VB1038,6VB1038,13.0,6.5,218.0
14-41-GR. CORRIDOR,GR. CORRIDOR,13.0,8.5,247.0
14-43-GR. CORRIDOR,GR. CORRIDOR,9.0,2.5,153.0
14-45-GR. CORRIDOR,GR. CORRIDOR,8.0,4.0,174.0
14-47-GR. CORRIDOR,GR. CORRIDOR,10.5,6.0,284.0
15-5-D01,D01,12.0,2.5,159.0
15-7-D01,D01,8.0,,107.0
15-9-D01,D01,10.0,5.5,201.0
15-11-D01,D01,11.0,6.0,235.0
15-15-D01,D01,11.0,3.5,205.0
15-17-W.VL.HEUVELS,W.VL.HEUVELS,6.0,2.5,156.0
15-19-W.VL.HEUVELS,W.VL.HEUVELS,12.5,6.5,291.0
15-21-W.VL.HEUVELS,W.VL.HEUVELS,13.0,5.0,276.0
15-23-W.VL.HEUVELS,W.VL.HEUVELS,11.0,6.0,265.0
15-25-W.VL.HEUVELS,W.VL.HEUVELS,13.0,8.0,313.0
15-27-W.VL.HEUVELS,W.VL.HEUVELS,12.0,0.5,125.0
15-29-6VB1038,6VB1038,4.0,0.5,116.0
15-31-6VB1038,6VB1038,10.5,,69.0
15-33-6VB1038,6VB1038,11.0,0.5,124.0
15-35-6VB1038,6VB1038,10.0,0.5,136.0
15-37-6VB1038,6VB1038,9.0,2.0,146.0
15-39-6VB1038,6VB1038,9.0,4.5,203.0
15-41-GR. CORRIDOR,GR. CORRIDOR,12.5,7.0,301.0
15-43-GR. CORRIDOR,GR. CORRIDOR,18.0,10.0,338.0
15-45-GR. CORRIDOR,GR. CORRIDOR,15.0,5.5,313.0
15-47-GR. CORRIDOR,GR. CORRIDOR,14.5,10.5,359.0
16-5-D04,D04,13.0,,96.0
16-7-D04,D04,12.5,1.5,153.0
16-9-D04,D04,16.0,11.0,316.0
16-11-D04,D04,13.5,8.0,280.0
16-13-D04,D04,14.5,9.5,390.0
16-15-D04,D04,15.5,8.0,242.0
16-17-VL. ARDENNEN,VL. ARDENNEN,10.5,7.0,260.0
16-19-VL. ARDENNEN,VL. ARDENNEN,7.5,2.5,132.0
16-21-VL. ARDENNEN,VL. ARDENNEN,15.0,9.5,368.0
16-23-VL. ARDENNEN,VL. ARDENNEN,18.0,9.0,361.0
16-25-VL. ARDENNEN,VL. ARDENNEN,12.0,6.5,250.0
16-27-VL. ARDENNEN,VL. ARDENNEN,7.0,0.5,123.0
16-29-D01,D01,9.0,2.5,154.0
16-31-D01,D01,10.5,0.5,110.0
16-33-D01,D01,6.0,0.5,124.0
16-35-D01,D01,9.0,4.0,208.0
16-37-D01,D01,12.0,5.0,248.0
16-39-D01,D01,7.0,3.0,165.0
16-41-W.VL.HEUVELS,W.VL.HEUVELS,10.0,4.5,231.0
16-43-W.VL.HEUVELS,W.VL.HEUVELS,10.0,0.5,125.0
16-45-W.VL.HEUVELS,W.VL.HEUVELS,13.0,7.5,333.0
16-47-W.VL.HEUVELS,W.VL.HEUVELS,9.0,4.0,255.0
17-5-D04,D04,12.0,,98.0
17-7-D04,D04,11.5,1.5,133.0
17-9-D04,D04,14.0,8.0,286.0
17-11-D04,D04,10.0,,104.0
17-13-D04,D04,13.5,,95.0
17-15-D04,D04,9.5,5.0,232.0
17-17-VL. ARDENNEN,VL. ARDENNEN,13.0,3.5,146.0
17-19-VL. ARDENNEN,VL. ARDENNEN,12.0,7.5,291.0
17-21-VL. ARDENNEN,VL. ARDENNEN,11.5,7.0,293.0
17-23-VL. ARDENNEN,VL. ARDENNEN,13.0,7.5,262.0
17-25-VL. ARDENNEN,VL. ARDENNEN,11.5,4.5,225.0
17-27-VL. ARDENNEN,VL. ARDENNEN,7.0,3.0,194.0
17-29-D01,D01,8.0,3.0,205.0
17-31-D01,D01,10.0,5.5,228.0
17-33-D01,D01,15.0,8.0,318.0
17-35-D01,D01,12.5,7.0,323.0
17-37-D01,D01,11.0,6.5,302.0
17-39-D01,D01,12.0,7.0,291.0
17-41-W.VL.HEUVELS,W.VL.HEUVELS,10.5,5.0,232.0
17-43-W.VL.HEUVELS,W.VL.HEUVELS,11.0,6.5,320.0
17-45-W.VL.HEUVELS,W.VL.HEUVELS,10.5,4.5,257.0
17-47-W.VL.HEUVELS,W.VL.HEUVELS,11.0,3.0,177.0
18-5-D04,D04,9.5,5.0,231.0
18-7-D04,D04,14.0,8.0,252.0
18-9-D04,D04,12.5,8.0,222.0
18-11-D04,D04,11.0,6.5,230.0
18-13-D04,D04,12.5,7.0,262.0
18-15-D04,D04,12.0,5.0,192.0
18-17-VL. ARDENNEN,VL. ARDENNEN,7.0,0.5,136.0
18-19-VL. ARDENNEN,VL. ARDENNEN,11.0,5.5,228.0
18-21-VL. ARDENNEN,VL. ARDENNEN,10.0,3.5,211.0
18-23-VL. ARDENNEN,VL. ARDENNEN,17.0,7.0,238.0
18-25-VL. ARDENNEN,VL. ARDENNEN,7.0,,93.0
18-27-VL. ARDENNEN,VL. ARDENNEN,13.0,8.0,250.0
18-29-D01,D01,11.0,6.0,211.0
18-33-D01,D01,13.0,6.0,301.0
18-35-D01,D01,12.5,6.5,242.0
18-37-D01,D01,15.0,9.0,330.0
18-39-D01,D01,16.0,7.5,292.0
18-41-W.VL.HEUVELS,W.VL.HEUVELS,15.5,11.0,353.0
18-43-W.VL.HEUVELS,W.VL.HEUVELS,12.5,9.0,339.0
18-45-W.VL.HEUVELS,W.VL.HEUVELS,24.0,14.5,395.0
18-47-W.VL.HEUVELS,W.VL.HEUVELS,15.0,7.0,223.0
19-5-D04,D04,9.0,4.5,193.0
19-7-D04,D04,12.5,5.5,215.0
19-9-D04,D04,15.0,6.5,203.0
19-11-D04,D04,9.5,2.0,173.0
19-13-D04,D04,13.0,7.0,256.0
19-15-D04,D04,11.0,5.5,245.0
19-17-VL. ARDENNEN,VL. ARDENNEN,13.0,8.0,304.0
19-19-VL. ARDENNEN,VL. ARDENNEN,13.0,6.0,231.0
19-21-VL. ARDENNEN,VL. ARDENNEN,14.0,8.5,313.0
19-23-VL. ARDENNEN,VL. ARDENNEN,13.0,5.5,225.0
19-25-VL. ARDENNEN,VL. ARDENNEN,8.0,2.0,145.0
19-27-VL. ARDENNEN,VL. ARDENNEN,10.0,2.5,151.0
19-29-D01,D01,13.0,8.0,358.0
19-31-D01,D01,6.0,1.5,154.0
19-35-D01,D01,9.0,5.5,213.0
19-37-D01,D01,10.0,2.0,151.0
19-39-D01,D01,14.5,9.0,368.0
19-41-W.VL.HEUVELS,W.VL.HEUVELS,13.5,8.0,278.0
19-43-W.VL.HEUVELS,W.VL.HEUVELS,12.5,8.0,324.0
19-45-W.VL.HEUVELS,W.VL.HEUVELS,15.0,9.5,292.0
19-47-W.VL.HEUVELS,W.VL.HEUVELS,15.0,9.5,283.0
20-5-D04,D04,12.0,5.0,179.0
20-7-D04,D04,10.0,3.5,163.0
20-9-D04,D04,13.0,6.5,274.0
20-11-D04,D04,14.5,9.5,302.0
20-13-D04,D04,14.0,5.5,202.0
20-15-D04,D04,10.0,3.5,203.0
20-17-VL. ARDENNEN,VL. ARDENNEN,12.5,7.5,320.0
20-19-VL. ARDENNEN,VL. ARDENNEN,15.0,10.0,368.0
20-21-VL. ARDENNEN,VL. ARDENNEN,9.0,5.5,208.0
20-23-VL. ARDENNEN,VL. ARDENNEN,13.0,5.5,212.0
20-25-VL. ARDENNEN,VL. ARDENNEN,16.0,11.0,348.0
20-27-VL. ARDENNEN,VL. ARDENNEN,11.5,7.5,263.0
20-29-D01,D01,12.0,3.0,199.0
20-31-D01,D01,9.5,5.5,253.0
20-33-D01,D01,12.0,8.0,
20-35-D01,D01,11.5,4.0,226.0
20-37-D01,D01,13.0,7.5,235.0
20-39-D01,D01,18.0,11.5,382.0
20-41-W.VL.HEUVELS,W.VL.HEUVELS,12.5,7.0,296.0
20-43-W.VL.HEUVELS,W.VL.HEUVELS,9.5,5.0,221.0
20-45-W.VL.HEUVELS,W.VL.HEUVELS,16.0,9.5,368.0
20-47-W.VL.HEUVELS,W.VL.HEUVELS,8.0,4.5,233.0
21-5-D04,D04,15.0,10.0,320.0
21-7-D04,D04,9.5,3.0,176.0
21-9-D04,D04,13.0,7.5,285.0
21-11-D04,D04,16.0,10.5,340.0
21-13-D04,D04,11.0,5.0,206.0
21-15-D04,D04,14.0,8.5,329.0
21-17-VL. ARDENNEN,VL. ARDENNEN,11.0,6.5,269.0
21-19-VL. ARDENNEN,VL. ARDENNEN,10.5,5.0,221.0
21-21-VL. ARDENNEN,VL. ARDENNEN,11.5,8.0,310.0
21-23-VL. ARDENNEN,VL. ARDENNEN,18.0,12.0,338.0
21-25-VL. ARDENNEN,VL. ARDENNEN,12.0,2.5,167.0
21-27-VL. ARDENNEN,VL. ARDENNEN,7.0,1.5,170.0
21-29-D01,D01,9.0,3.0,176.0
21-31-D01,D01,11.0,,72.0
21-33-D01,D01,9.5,4.0,216.0
21-35-D01,D01,13.0,7.5,305.0
21-39-D01,D01,13.0,7.5,353.0
21-41-W.VL.HEUVELS,W.VL.HEUVELS,11.0,3.0,188.0
21-43-W.VL.HEUVELS,W.VL.HEUVELS,14.5,9.0,311.0
21-45-W.VL.HEUVELS,W.VL.HEUVELS,13.0,7.5,321.0
21-47-W.VL.HEUVELS,W.VL.HEUVELS,14.0,9.0,292.0
22-5-HONGARIJE,HONGARIJE,12.5,10.0,310.0
22-7-HONGARIJE,HONGARIJE,7.5,5.0,227.0
22-9-HONGARIJE,HONGARIJE,16.5,9.0,252.0
22-11-HONGARIJE,HONGARIJE,12.5,6.0,207.0
22-13-HONGARIJE,HONGARIJE,14.0,9.5,305.0
22-17-5VB1034,5VB1034,12.0,6.0,260.0
22-19-5VB1034,5VB1034,13.0,7.0,293.0
22-21-5VB1034,5VB1034,13.0,5.0,250.0
22-23-5VB1034,5VB1034,19.0,13.0,383.0
22-25-5VB1034,5VB1034,13.0,6.5,265.0
22-27-5VB1034,5VB1034,9.0,0.5,145.0
22-29-D04,D04,12.0,4.0,252.0
22-31-D04,D04,9.0,3.5,203.0
22-33-D04,D04,10.0,6.0,230.0
22-35-D04,D04,14.0,9.0,365.0
22-37-D04,D04,12.0,5.5,258.0
22-39-D04,D04,15.0,8.5,306.0
22-41-VL. ARDENNEN,VL. ARDENNEN,12.0,6.0,283.0
22-43-VL. ARDENNEN,VL. ARDENNEN,15.5,10.0,368.0
22-45-VL. ARDENNEN,VL. ARDENNEN,13.0,9.5,328.0
22-47-VL. ARDENNEN,VL. ARDENNEN,13.5,6.5,264.0
23-5-HONGARIJE,HONGARIJE,14.0,5.5,226.0
23-7-HONGARIJE,HONGARIJE,6.5,2.0,152.0
23-9-HONGARIJE,HONGARIJE,8.0,3.0,157.0
23-11-HONGARIJE,HONGARIJE,17.0,9.0,300.0
23-15-HONGARIJE,HONGARIJE,15.0,7.5,236.0
23-17-5VB1034,5VB1034,17.0,9.0,350.0
23-19-5VB1034,5VB1034,13.0,7.0,266.0
23-21-5VB1034,5VB1034,15.0,9.5,296.0
23-23-5VB1034,5VB1034,10.0,0.5,126.0
23-25-5VB1034,5VB1034,11.0,6.0,248.0
23-27-5VB1034,5VB1034,13.0,5.0,225.0
23-29-D04,D04,11.0,6.5,235.0
23-31-D04,D04,11.5,5.0,188.0
23-33-D04,D04,16.0,8.0,263.0
23-35-D04,D04,16.0,6.5,400.0
23-37-D04,D04,16.0,6.0,232.0
23-39-D04,D04,16.0,8.0,246.0
23-41-VL. ARDENNEN,VL. ARDENNEN,22.5,14.5,369.0
23-43-VL. ARDENNEN,VL. ARDENNEN,13.0,9.0,271.0
23-45-VL. ARDENNEN,VL. ARDENNEN,12.0,9.0,299.0
23-47-VL. ARDENNEN,VL. ARDENNEN,14.0,8.0,265.0
24-5-HONGARIJE,HONGARIJE,12.5,9.0,212.0
24-9-HONGARIJE,HONGARIJE,11.0,5.5,205.0
24-11-HONGARIJE,HONGARIJE,14.0,9.5,
24-13-HONGARIJE,HONGARIJE,10.5,7.0,275.0
24-15-HONGARIJE,HONGARIJE,15.0,9.0,398.0
24-17-5VB1034,5VB1034,15.5,6.5,260.0
24-19-5VB1034,5VB1034,12.0,7.0,302.0
24-21-5VB1034,5VB1034,13.0,7.5,348.0
24-23-5VB1034,5VB1034,12.0,3.5,203.0
24-25-5VB1034,5VB1034,7.0,,70.0
24-27-5VB1034,5VB1034,12.0,3.5,170.0
24-29-D04,D04,11.0,5.5,255.0
24-31-D04,D04,18.5,11.0,236.0
24-33-D04,D04,14.5,5.5,236.0
24-35-D04,D04,15.0,7.5,305.0
24-37-D04,D04,14.0,6.0,304.0
24-39-D04,D04,16.0,12.5,450.0
24-41-VL. ARDENNEN,VL. ARDENNEN,15.0,7.0,297.0
24-43-VL. ARDENNEN,VL. ARDENNEN,10.0,6.0,291.0
24-45-VL. ARDENNEN,VL. ARDENNEN,17.5,6.5,353.0
24-47-VL. ARDENNEN,VL. ARDENNEN,11.5,7.0,270.0
25-5-HONGARIJE,HONGARIJE,14.5,3.0,180.0
25-7-HONGARIJE,HONGARIJE,11.0,6.0,246.0
25-9-HONGARIJE,HONGARIJE,10.0,2.0,171.0
25-11-HONGARIJE,HONGARIJE,8.0,5.0,276.0
25-13-HONGARIJE,HONGARIJE,8.0,4.0,233.0
25-15-HONGARIJE,HONGARIJE,10.0,6.0,265.0
25-17-5VB1034,5VB1034,16.0,3.0,197.0
25-19-5VB1034,5VB1034,15.0,8.0,324.0
25-21-5VB1034,5VB1034,11.0,6.0,266.0
25-23-5VB1034,5VB1034,12.5,6.0,287.0
25-25-5VB1034,5VB1034,10.5,2.0,166.0
25-27-5VB1034,5VB1034,10.0,,190.0
25-29-D04,D04,11.0,6.0,266.0
25-31-D04,D04,17.0,10.5,301.0
25-33-D04,D04,16.0,9.0,350.0
25-35-D04,D04,10.0,5.5,295.0
25-37-D04,D04,17.0,13.0,364.0
25-39-D04,D04,15.0,10.0,318.0
25-41-VL. ARDENNEN,VL. ARDENNEN,23.0,10.0,324.0
25-43-VL. ARDENNEN,VL. ARDENNEN,9.0,6.0,238.0
25-45-VL. ARDENNEN,VL. ARDENNEN,13.0,8.5,253.0
26-5-HONGARIJE,HONGARIJE,12.0,3.5,165.0
26-7-HONGARIJE,HONGARIJE,10.0,6.5,220.0
26-9-HONGARIJE,HONGARIJE,10.0,4.5,213.0
26-11-HONGARIJE,HONGARIJE,9.5,5.5,274.0
26-13-HONGARIJE,HONGARIJE,11.0,5.5,191.0
26-15-HONGARIJE,HONGARIJE,12.5,9.0,302.0
26-17-5VB1034,5VB1034,12.0,8.0,371.0
26-21-5VB1034,5VB1034,15.0,9.0,288.0
26-23-5VB1034,5VB1034,11.0,4.5,250.0
26-25-5VB1034,5VB1034,9.0,3.5,175.0
26-27-5VB1034,5VB1034,14.0,5.5,260.0
26-29-D04,D04,11.0,6.0,264.0
26-31-D04,D04,16.0,7.0,255.0
26-33-D04,D04,17.0,8.0,292.0
26-35-D04,D04,13.0,7.5,205.0
26-37-D04,D04,13.5,5.5,239.0
26-39-D04,D04,11.0,7.0,317.0
26-41-VL. ARDENNEN,VL. ARDENNEN,18.0,10.5,366.0
26-43-VL. ARDENNEN,VL. ARDENNEN,11.0,8.0,339.0
26-45-VL. ARDENNEN,VL. ARDENNEN,11.5,7.0,245.0
26-47-VL. ARDENNEN,VL. ARDENNEN,12.0,7.5,235.0
27-5-HONGARIJE,HONGARIJE,11.5,8.0,275.0
27-7-HONGARIJE,HONGARIJE,10.0,4.0,212.0
27-9-HONGARIJE,HONGARIJE,8.0,3.5,168.0
27-11-HONGARIJE,HONGARIJE,13.0,4.5,198.0
27-13-HONGARIJE,HONGARIJE,9.0,,101.0
27-15-HONGARIJE,HONGARIJE,9.0,3.0,193.0
27-17-5VB1034,5VB1034,14.5,8.0,238.0
27-19-5VB1034,5VB1034,10.5,5.5,265.0
27-21-5VB1034,5VB1034,12.0,8.0,323.0
27-23-5VB1034,5VB1034,10.0,5.0,260.0
27-25-5VB1034,5VB1034,12.0,5.5,255.0
27-27-5VB1034,5VB1034,13.0,3.0,210.0
27-29-D04,D04,12.0,2.0,155.0
27-31-D04,D04,10.0,6.0,203.0
27-33-D04,D04,12.0,4.0,225.0
27-35-D04,D04,16.0,9.0,225.0
27-37-D04,D04,16.5,8.0,340.0
27-39-D04,D04,15.5,10.0,306.0
27-41-VL. ARDENNEN,VL. ARDENNEN,19.0,12.5,371.0
27-43-VL. ARDENNEN,VL. ARDENNEN,9.0,5.0,216.0
27-45-VL. ARDENNEN,VL. ARDENNEN,12.0,7.0,275.0
27-47-VL. ARDENNEN,VL. ARDENNEN,11.5,8.5,247.0
4-49-HONGARIJE,HONGARIJE,,1.0,144.0
4-51-HONGARIJE,HONGARIJE,,2.0,156.0
4-53-5VB1034,5VB1034,,7.5,265.0
4-55-5VB1034,5VB1034,,3.0,252.0
4-59-5VB1034,5VB1034,,5.0,273.0
4-61-5VB1034,5VB1034,,9.0,326.0
4-63-5VB1034,5VB1034,,2.0,153.0
4-65-D04,D04,,5.0,219.0
4-69-D04,D04,,2.0,149.0
4-71-D04,D04,,3.5,202.0
4-73-D04,D04,,3.0,165.0
4-75-D04,D04,,4.5,186.0
4-77-VL. ARDENNEN,VL. ARDENNEN,,1.0,138.0
4-83-VL. ARDENNEN,VL. ARDENNEN,,3.0,176.0
4-85-VL. ARDENNEN,VL. ARDENNEN,,12.0,337.0
4-87-VL. ARDENNEN,VL. ARDENNEN,,6.5,257.0
5-49-HONGARIJE,HONGARIJE,,7.0,263.0
5-53-5VB1034,5VB1034,,5.0,180.0
5-55-5VB1034,5VB1034,,5.0,270.0
5-57-5VB1034,5VB1034,,5.0,196.0
5-59-5VB1034,5VB1034,,5.5,228.0
5-61-5VB1034,5VB1034,,5.5,206.0
5-65-D04,D04,,7.0,236.0
5-69-D04,D04,,6.5,256.0
5-71-D04,D04,,5.0,173.0
5-77-VL. ARDENNEN,VL. ARDENNEN,,1.0,137.0
5-79-VL. ARDENNEN,VL. ARDENNEN,,1.0,178.0
5-83-VL. ARDENNEN,VL. ARDENNEN,,4.5,199.0
5-85-VL. ARDENNEN,VL. ARDENNEN,,4.5,217.0
5-87-VL. ARDENNEN,VL. ARDENNEN,,3.0,156.0
6-49-HONGARIJE,HONGARIJE,,6.0,256.0
6-51-HONGARIJE,HONGARIJE,,3.5,189.0
6-53-5VB1034,5VB1034,,6.5,293.0
6-55-5VB1034,5VB1034,,6.5,240.0
6-57-5VB1034,5VB1034,,4.0,188.0
6-61-5VB1034,5VB1034,,2.0,134.0
6-63-5VB1034,5VB1034,,5.0,215.0
6-65-D04,D04,,11.0,327.0
6-67-D04,D04,,4.5,221.0
6-69-D04,D04,,5.0,184.0
6-71-D04,D04,,2.0,168.0
6-73-D04,D04,,5.0,224.0
6-75-D04,D04,,1.5,139.0
6-77-VL. ARDENNEN,VL. ARDENNEN,,7.0,272.0
6-79-VL. ARDENNEN,VL. ARDENNEN,,6.0,228.0
6-81-VL. ARDENNEN,VL. ARDENNEN,,0.5,110.0
6-85-VL. ARDENNEN,VL. ARDENNEN,,7.5,245.0
6-87-VL. ARDENNEN,VL. ARDENNEN,,7.0,295.0
7-49-HONGARIJE,HONGARIJE,,4.0,226.0
7-51-HONGARIJE,HONGARIJE,,2.0,132.0
7-53-5VB1034,5VB1034,,3.0,188.0
7-55-5VB1034,5VB1034,,7.0,235.0
7-57-5VB1034,5VB1034,,5.5,246.0
7-59-5VB1034,5VB1034,,4.0,150.0
7-61-5VB1034,5VB1034,,3.5,195.0
7-63-5VB1034,5VB1034,,5.0,220.0
7-65-D04,D04,,5.0,221.0
7-67-D04,D04,,3.5,195.0
7-69-D04,D04,,4.0,180.0
7-71-D04,D04,,2.0,133.0
7-73-D04,D04,,4.5,221.0
7-77-VL. ARDENNEN,VL. ARDENNEN,,2.5,182.0
7-79-VL. ARDENNEN,VL. ARDENNEN,,1.5,145.0
7-81-VL. ARDENNEN,VL. ARDENNEN,,3.0,171.0
7-83-VL. ARDENNEN,VL. ARDENNEN,,2.5,158.0
7-85-VL. ARDENNEN,VL. ARDENNEN,,8.5,263.0
7-87-VL. ARDENNEN,VL. ARDENNEN,,6.0,238.0
8-51-HONGARIJE,HONGARIJE,,11.0,312.0
8-53-5VB1034,5VB1034,,9.5,329.0
8-55-5VB1034,5VB1034,,6.0,399.0
8-57-5VB1034,5VB1034,,3.0,162.0
8-59-5VB1034,5VB1034,,5.0,256.0
8-61-5VB1034,5VB1034,,3.0,170.0
8-63-5VB1034,5VB1034,,6.0,237.0
8-65-D04,D04,,9.0,317.0
8-69-D04,D04,,5.0,214.0
8-73-D04,D04,,0.5,115.0
8-81-VL. ARDENNEN,VL. ARDENNEN,,0.5,115.0
8-83-VL. ARDENNEN,VL. ARDENNEN,,6.0,250.0
8-85-VL. ARDENNEN,VL. ARDENNEN,,4.0,228.0
8-87-VL. ARDENNEN,VL. ARDENNEN,,7.5,300.0
9-49-HONGARIJE,HONGARIJE,,5.5,258.0
9-51-HONGARIJE,HONGARIJE,,8.5,323.0
9-53-5VB1034,5VB1034,,2.5,183.0
9-55-5VB1034,5VB1034,,13.0,272.0
9-57-5VB1034,5VB1034,,5.0,284.0
9-59-5VB1034,5VB1034,,4.0,185.0
9-61-5VB1034,5VB1034,,4.0,208.0
9-63-5VB1034,5VB1034,,1.5,152.0
9-65-D04,D04,,7.0,367.0
9-67-D04,D04,,4.0,175.0
9-69-D04,D04,,4.5,185.0
9-71-D04,D04,,5.0,216.0
9-73-D04,D04,,1.5,151.0
9-75-D04,D04,,6.0,245.0
9-77-VL. ARDENNEN,VL. ARDENNEN,,5.5,193.0
9-81-VL. ARDENNEN,VL. ARDENNEN,,10.5,347.0
9-83-VL. ARDENNEN,VL. ARDENNEN,,9.5,297.0
9-85-VL. ARDENNEN,VL. ARDENNEN,,9.0,352.0
9-87-VL. ARDENNEN,VL. ARDENNEN,,7.0,220.0
10-49-GR. CORRIDOR,GR. CORRIDOR,,9.0,322.0
10-51-GR. CORRIDOR,GR. CORRIDOR,,6.0,236.0
10-53-5VB1051,5VB1051,,7.5,286.0
10-55-5VB1051,5VB1051,,8.5,188.0
10-57-5VB1051,5VB1051,,2.0,154.0
10-59-5VB1051,5VB1051,,6.5,115.0
10-61-5VB1051,5VB1051,,6.5,185.0
10-63-5VB1051,5VB1051,,10.0,304.0
10-65-HONGARIJE,HONGARIJE,,4.5,240.0
10-67-HONGARIJE,HONGARIJE,,5.5,216.0
10-69-HONGARIJE,HONGARIJE,,4.0,230.0
10-71-HONGARIJE,HONGARIJE,,8.5,302.0
10-73-HONGARIJE,HONGARIJE,,7.0,216.0
10-75-HONGARIJE,HONGARIJE,,6.0,270.0
10-77-5VB1034,5VB1034,,5.0,226.0
10-79-5VB1034,5VB1034,,4.5,180.0
10-81-5VB1034,5VB1034,,7.5,203.0
10-83-5VB1034,5VB1034,,6.5,262.0
10-85-5VB1034,5VB1034,,4.0,175.0
10-87-5VB1034,5VB1034,,4.0,235.0
11-49-GR. CORRIDOR,GR. CORRIDOR,,4.5,235.0
11-53-5VB1051,5VB1051,,2.5,175.0
11-55-5VB1051,5VB1051,,3.0,182.0
11-59-5VB1051,5VB1051,,1.5,158.0
11-61-5VB1051,5VB1051,,7.0,253.0
11-63-5VB1051,5VB1051,,8.0,325.0
11-65-HONGARIJE,HONGARIJE,,3.0,178.0
11-67-HONGARIJE,HONGARIJE,,3.0,125.0
11-71-HONGARIJE,HONGARIJE,,7.0,289.0
11-73-HONGARIJE,HONGARIJE,,5.0,234.0
11-75-HONGARIJE,HONGARIJE,,5.0,190.0
11-77-5VB1034,5VB1034,,9.5,347.0
11-79-5VB1034,5VB1034,,3.5,170.0
11-81-5VB1034,5VB1034,,8.0,280.0
11-83-5VB1034,5VB1034,,6.5,272.0
11-85-5VB1034,5VB1034,,9.5,332.0
11-87-5VB1034,5VB1034,,9.0,308.0
12-49-GR. CORRIDOR,GR. CORRIDOR,,1.5,147.0
12-51-GR. CORRIDOR,GR. CORRIDOR,,5.5,232.0
12-55-5VB1051,5VB1051,,4.5,173.0
12-57-5VB1051,5VB1051,,2.5,155.0
12-59-5VB1051,5VB1051,,4.0,220.0
12-61-5VB1051,5VB1051,,7.0,275.0
12-63-5VB1051,5VB1051,,5.0,249.0
12-65-HONGARIJE,HONGARIJE,,1.5,136.0
12-67-HONGARIJE,HONGARIJE,,7.0,265.0
12-71-HONGARIJE,HONGARIJE,,8.0,295.0
12-77-5VB1034,5VB1034,,6.5,334.0
12-79-5VB1034,5VB1034,,9.0,261.0
12-81-5VB1034,5VB1034,,12.0,385.0
12-83-5VB1034,5VB1034,,7.5,238.0
12-85-5VB1034,5VB1034,,11.5,340.0
12-87-5VB1034,5VB1034,,10.5,282.0
13-49-GR. CORRIDOR,GR. CORRIDOR,,10.5,371.0
13-51-GR. CORRIDOR,GR. CORRIDOR,,10.0,258.0
13-53-5VB1051,5VB1051,,8.0,310.0
13-55-5VB1051,5VB1051,,5.0,305.0
13-59-5VB1051,5VB1051,,6.0,266.0
13-61-5VB1051,5VB1051,,2.5,158.0
13-63-5VB1051,5VB1051,,11.5,358.0
13-65-HONGARIJE,HONGARIJE,,1.5,141.0
13-67-HONGARIJE,HONGARIJE,,4.0,208.0
13-69-HONGARIJE,HONGARIJE,,4.5,227.0
13-71-HONGARIJE,HONGARIJE,,3.0,158.0
13-73-HONGARIJE,HONGARIJE,,1.0,136.0
13-77-5VB1034,5VB1034,,8.5,213.0
13-79-5VB1034,5VB1034,,6.0,208.0
13-81-5VB1034,5VB1034,,5.5,223.0
13-83-5VB1034,5VB1034,,5.5,263.0
13-85-5VB1034,5VB1034,,8.0,382.0
13-87-5VB1034,5VB1034,,11.0,375.0
14-49-GR. CORRIDOR,GR. CORRIDOR,,9.5,278.0
14-51-GR. CORRIDOR,GR. CORRIDOR,,7.0,272.0
14-53-5VB1051,5VB1051,,9.0,300.0
14-55-5VB1051,5VB1051,,8.5,
14-57-5VB1051,5VB1051,,9.0,274.0
14-59-5VB1051,5VB1051,,8.5,291.0
14-61-5VB1051,5VB1051,,1.0,114.0
14-63-5VB1051,5VB1051,,6.5,254.0
14-65-HONGARIJE,HONGARIJE,,5.0,228.0
14-67-HONGARIJE,HONGARIJE,,5.5,235.0
14-69-HONGARIJE,HONGARIJE,,2.5,152.0
14-71-HONGARIJE,HONGARIJE,,1.5,131.0
14-73-HONGARIJE,HONGARIJE,,9.0,316.0
14-75-HONGARIJE,HONGARIJE,,5.5,236.0
14-77-5VB1034,5VB1034,,7.0,259.0
14-79-5VB1034,5VB1034,,0.5,115.0
14-81-5VB1034,5VB1034,,11.0,348.0
14-83-5VB1034,5VB1034,,8.0,290.0
14-85-5VB1034,5VB1034,,13.0,382.0
14-87-5VB1034,5VB1034,,11.0,384.0
15-49-GR. CORRIDOR,GR. CORRIDOR,,6.5,240.0
15-51-GR. CORRIDOR,GR. CORRIDOR,,8.0,261.0
15-53-5VB1051,5VB1051,,7.5,247.0
15-55-5VB1051,5VB1051,,5.0,233.0
15-57-5VB1051,5VB1051,,7.5,272.0
15-59-5VB1051,5VB1051,,4.0,210.0
15-61-5VB1051,5VB1051,,11.0,361.0
15-63-5VB1051,5VB1051,,4.0,185.0
15-65-HONGARIJE,HONGARIJE,,2.0,165.0
15-67-HONGARIJE,HONGARIJE,,4.5,169.0
15-69-HONGARIJE,HONGARIJE,,5.0,206.0
15-71-HONGARIJE,HONGARIJE,,6.0,252.0
15-73-HONGARIJE,HONGARIJE,,1.5,162.0
15-75-HONGARIJE,HONGARIJE,,3.5,184.0
15-77-5VB1034,5VB1034,,8.0,248.0
15-79-5VB1034,5VB1034,,3.0,143.0
15-81-5VB1034,5VB1034,,8.0,280.0
15-85-5VB1034,5VB1034,,7.5,310.0
15-87-5VB1034,5VB1034,,7.0,280.0
16-49-W.VL.HEUVELS,W.VL.HEUVELS,,11.0,396.0
16-51-W.VL.HEUVELS,W.VL.HEUVELS,,7.0,320.0
16-53-6VB1038,6VB1038,,10.5,274.0
16-55-6VB1038,6VB1038,,10.0,294.0
16-57-6VB1038,6VB1038,,10.0,346.0
16-59-6VB1038,6VB1038,,6.5,250.0
16-61-6VB1038,6VB1038,,8.5,255.0
16-63-6VB1038,6VB1038,,7.0,294.0
16-65-GR. CORRIDOR,GR. CORRIDOR,,7.0,265.0
16-67-GR. CORRIDOR,GR. CORRIDOR,,7.0,300.0
16-69-GR. CORRIDOR,GR. CORRIDOR,,3.0,174.0
16-71-GR. CORRIDOR,GR. CORRIDOR,,7.5,326.0
16-73-GR. CORRIDOR,GR. CORRIDOR,,6.0,248.0
16-75-GR. CORRIDOR,GR. CORRIDOR,,5.5,270.0
16-77-5VB1051,5VB1051,,8.0,295.0
16-79-5VB1051,5VB1051,,2.5,180.0
16-81-5VB1051,5VB1051,,3.0,183.0
16-83-5VB1051,5VB1051,,6.0,225.0
16-85-5VB1051,5VB1051,,12.0,335.0
16-87-5VB1051,5VB1051,,12.0,340.0
17-49-W.VL.HEUVELS,W.VL.HEUVELS,,10.5,368.0
17-51-W.VL.HEUVELS,W.VL.HEUVELS,,4.5,227.0
17-53-6VB1038,6VB1038,,10.5,369.0
17-55-6VB1038,6VB1038,,10.0,299.0
17-57-6VB1038,6VB1038,,4.0,217.0
17-59-6VB1038,6VB1038,,3.5,193.0
17-61-6VB1038,6VB1038,,7.5,336.0
17-63-6VB1038,6VB1038,,6.0,206.0
17-65-GR. CORRIDOR,GR. CORRIDOR,,4.5,260.0
17-67-GR. CORRIDOR,GR. CORRIDOR,,6.0,216.0
17-69-GR. CORRIDOR,GR. CORRIDOR,,3.5,217.0
17-71-GR. CORRIDOR,GR. CORRIDOR,,4.0,193.0
17-73-GR. CORRIDOR,GR. CORRIDOR,,5.0,250.0
17-75-GR. CORRIDOR,GR. CORRIDOR,,2.0,130.0
17-77-5VB1051,5VB1051,,5.0,206.0
17-79-5VB1051,5VB1051,,6.5,245.0
17-81-5VB1051,5VB1051,,7.5,266.0
17-83-5VB1051,5VB1051,,0.5,105.0
17-85-5VB1051,5VB1051,,10.0,380.0
17-87-5VB1051,5VB1051,,3.0,175.0
18-49-W.VL.HEUVELS,W.VL.HEUVELS,,6.5,249.0
18-51-W.VL.HEUVELS,W.VL.HEUVELS,,10.0,326.0
18-53-6VB1038,6VB1038,,8.0,329.0
18-55-6VB1038,6VB1038,,7.5,313.0
18-57-6VB1038,6VB1038,,4.0,252.0
18-59-6VB1038,6VB1038,,8.0,301.0
18-61-6VB1038,6VB1038,,4.0,250.0
18-65-GR. CORRIDOR,GR. CORRIDOR,,3.5,149.0
18-67-GR. CORRIDOR,GR. CORRIDOR,,6.0,226.0
18-69-GR. CORRIDOR,GR. CORRIDOR,,1.0,150.0
18-71-GR. CORRIDOR,GR. CORRIDOR,,6.0,260.0
18-73-GR. CORRIDOR,GR. CORRIDOR,,0.5,115.0
18-75-GR. CORRIDOR,GR. CORRIDOR,,7.5,299.0
18-77-5VB1051,5VB1051,,1.0,122.0
18-79-5VB1051,5VB1051,,9.0,322.0
18-81-5VB1051,5VB1051,,7.0,247.0
18-83-5VB1051,5VB1051,,7.0,248.0
18-85-5VB1051,5VB1051,,12.5,389.0
18-87-5VB1051,5VB1051,,8.0,337.0
19-49-W.VL.HEUVELS,W.VL.HEUVELS,,3.5,215.0
19-51-W.VL.HEUVELS,W.VL.HEUVELS,,4.5,262.0
19-53-6VB1038,6VB1038,,6.0,296.0
19-55-6VB1038,6VB1038,,6.0,258.0
19-57-6VB1038,6VB1038,,9.5,386.0
19-59-6VB1038,6VB1038,,4.5,213.0
19-61-6VB1038,6VB1038,,6.0,228.0
19-63-6VB1038,6VB1038,,6.0,260.0
19-67-GR. CORRIDOR,GR. CORRIDOR,,5.0,190.0
19-71-GR. CORRIDOR,GR. CORRIDOR,,4.0,206.0
19-73-GR. CORRIDOR,GR. CORRIDOR,,3.5,211.0
19-75-GR. CORRIDOR,GR. CORRIDOR,,4.0,187.0
19-77-5VB1051,5VB1051,,1.5,147.0
19-79-5VB1051,5VB1051,,8.5,311.0
19-81-5VB1051,5VB1051,,5.0,250.0
19-83-5VB1051,5VB1051,,13.0,300.0
19-85-5VB1051,5VB1051,,3.5,237.0
19-87-5VB1051,5VB1051,,3.5,203.0
20-49-W.VL.HEUVELS,W.VL.HEUVELS,,7.5,275.0
20-51-W.VL.HEUVELS,W.VL.HEUVELS,,8.0,351.0
20-53-6VB1038,6VB1038,,12.0,338.0
20-55-6VB1038,6VB1038,,10.0,331.0
20-57-6VB1038,6VB1038,,8.5,302.0
20-59-6VB1038,6VB1038,,9.0,311.0
20-61-6VB1038,6VB1038,,9.0,291.0
20-63-6VB1038,6VB1038,,9.0,332.0
20-65-GR. CORRIDOR,GR. CORRIDOR,,4.0,240.0
20-67-GR. CORRIDOR,GR. CORRIDOR,,6.5,250.0
20-69-GR. CORRIDOR,GR. CORRIDOR,,6.5,233.0
20-71-GR. CORRIDOR,GR. CORRIDOR,,6.5,234.0
20-73-GR. CORRIDOR,GR. CORRIDOR,,8.5,384.0
20-75-GR. CORRIDOR,GR. CORRIDOR,,3.5,187.0
20-77-5VB1051,5VB1051,,8.0,297.0
20-79-5VB1051,5VB1051,,5.0,250.0
20-81-5VB1051,5VB1051,,11.0,290.0
20-83-5VB1051,5VB1051,,7.5,290.0
20-85-5VB1051,5VB1051,,14.5,452.0
20-87-5VB1051,5VB1051,,9.0,195.0
21-49-W.VL.HEUVELS,W.VL.HEUVELS,,8.5,366.0
21-51-W.VL.HEUVELS,W.VL.HEUVELS,,7.5,295.0
21-53-6VB1038,6VB1038,,14.0,393.0
21-55-6VB1038,6VB1038,,6.0,276.0
21-57-6VB1038,6VB1038,,7.0,223.0
21-59-6VB1038,6VB1038,,9.0,346.0
21-61-6VB1038,6VB1038,,8.0,359.0
21-63-6VB1038,6VB1038,,7.0,201.0
21-65-GR. CORRIDOR,GR. CORRIDOR,,7.0,327.0
21-67-GR. CORRIDOR,GR. CORRIDOR,,4.5,206.0
21-69-GR. CORRIDOR,GR. CORRIDOR,,7.0,327.0
21-71-GR. CORRIDOR,GR. CORRIDOR,,2.0,166.0
21-73-GR. CORRIDOR,GR. CORRIDOR,,5.5,176.0
21-75-GR. CORRIDOR,GR. CORRIDOR,,7.5,265.0
21-77-5VB1051,5VB1051,,9.0,367.0
21-79-5VB1051,5VB1051,,2.5,177.0
21-81-5VB1051,5VB1051,,5.5,237.0
21-83-5VB1051,5VB1051,,9.5,362.0
21-85-5VB1051,5VB1051,,12.5,390.0
21-87-5VB1051,5VB1051,,9.0,285.0
22-49-VL. ARDENNEN,VL. ARDENNEN,,9.0,302.0
22-51-VL. ARDENNEN,VL. ARDENNEN,,7.5,311.0
22-53-D01,D01,,12.5,319.0
22-55-D01,D01,,9.0,299.0
22-57-D01,D01,,9.0,383.0
22-59-D01,D01,,2.0,147.0
22-61-D01,D01,,7.0,271.0
22-63-D01,D01,,6.5,304.0
22-65-W.VL.HEUVELS,W.VL.HEUVELS,,11.0,348.0
22-67-W.VL.HEUVELS,W.VL.HEUVELS,,5.5,207.0
22-69-W.VL.HEUVELS,W.VL.HEUVELS,,12.0,294.0
22-71-W.VL.HEUVELS,W.VL.HEUVELS,,7.5,325.0
22-73-W.VL.HEUVELS,W.VL.HEUVELS,,10.0,315.0
22-75-W.VL.HEUVELS,W.VL.HEUVELS,,5.0,227.0
22-77-6VB1038,6VB1038,,6.0,210.0
22-79-6VB1038,6VB1038,,3.5,198.0
22-81-6VB1038,6VB1038,,7.0,250.0
22-83-6VB1038,6VB1038,,11.0,350.0
22-85-6VB1038,6VB1038,,10.0,395.0
22-87-6VB1038,6VB1038,,7.5,304.0
23-49-VL. ARDENNEN,VL. ARDENNEN,,4.5,168.0
23-51-VL. ARDENNEN,VL. ARDENNEN,,1.5,147.0
23-53-D01,D01,,8.5,318.0
23-55-D01,D01,,6.5,289.0
23-57-D01,D01,,7.0,266.0
23-59-D01,D01,,6.0,262.0
23-61-D01,D01,,0.5,120.0
23-63-D01,D01,,8.0,293.0
23-65-W.VL.HEUVELS,W.VL.HEUVELS,,7.0,260.0
23-67-W.VL.HEUVELS,W.VL.HEUVELS,,8.0,340.0
23-69-W.VL.HEUVELS,W.VL.HEUVELS,,7.0,312.0
23-71-W.VL.HEUVELS,W.VL.HEUVELS,,4.0,211.0
23-73-W.VL.HEUVELS,W.VL.HEUVELS,,6.5,229.0
23-75-W.VL.HEUVELS,W.VL.HEUVELS,,9.0,267.0
23-77-6VB1038,6VB1038,,4.5,209.0
23-79-6VB1038,6VB1038,,7.5,294.0
23-81-6VB1038,6VB1038,,9.0,297.0
23-83-6VB1038,6VB1038,,5.5,290.0
23-85-6VB1038,6VB1038,,11.0,319.0
23-87-6VB1038,6VB1038,,12.0,331.0
24-49-VL. ARDENNEN,VL. ARDENNEN,,5.5,219.0
24-51-VL. ARDENNEN,VL. ARDENNEN,,11.5,369.0
24-53-D01,D01,,6.5,283.0
24-55-D01,D01,,7.5,279.0
24-57-D01,D01,,5.0,261.0
24-59-D01,D01,,7.0,265.0
24-61-D01,D01,,5.0,216.0
24-63-D01,D01,,5.5,236.0
24-65-W.VL.HEUVELS,W.VL.HEUVELS,,9.0,245.0
24-67-W.VL.HEUVELS,W.VL.HEUVELS,,5.0,222.0
24-69-W.VL.HEUVELS,W.VL.HEUVELS,,9.0,355.0
24-71-W.VL.HEUVELS,W.VL.HEUVELS,,11.5,345.0
24-73-W.VL.HEUVELS,W.VL.HEUVELS,,3.5,178.0
24-75-W.VL.HEUVELS,W.VL.HEUVELS,,10.0,382.0
24-77-6VB1038,6VB1038,,4.5,253.0
24-79-6VB1038,6VB1038,,10.5,402.0
24-81-6VB1038,6VB1038,,9.0,330.0
24-83-6VB1038,6VB1038,,13.0,423.0
24-85-6VB1038,6VB1038,,8.0,280.0
24-87-6VB1038,6VB1038,,2.5,178.0
25-49-VL. ARDENNEN,VL. ARDENNEN,,7.0,263.0
25-51-VL. ARDENNEN,VL. ARDENNEN,,7.0,319.0
25-53-D01,D01,,7.0,316.0
25-55-D01,D01,,6.0,258.0
25-57-D01,D01,,9.5,318.0
25-59-D01,D01,,7.0,305.0
25-61-D01,D01,,5.0,243.0
25-63-D01,D01,,4.0,190.0
25-65-W.VL.HEUVELS,W.VL.HEUVELS,,9.0,317.0
25-67-W.VL.HEUVELS,W.VL.HEUVELS,,10.0,360.0
25-69-W.VL.HEUVELS,W.VL.HEUVELS,,12.0,385.0
25-71-W.VL.HEUVELS,W.VL.HEUVELS,,5.0,195.0
25-73-W.VL.HEUVELS,W.VL.HEUVELS,,11.0,341.0
25-75-W.VL.HEUVELS,W.VL.HEUVELS,,8.0,301.0
25-77-6VB1038,6VB1038,,4.0,194.0
25-81-6VB1038,6VB1038,,9.0,270.0
25-83-6VB1038,6VB1038,,5.0,213.0
25-85-6VB1038,6VB1038,,10.0,297.0
25-87-6VB1038,6VB1038,,9.0,310.0
26-49-VL. ARDENNEN,VL. ARDENNEN,,7.5,252.0
26-51-VL. ARDENNEN,VL. ARDENNEN,,9.0,411.0
26-53-D01,D01,,3.5,205.0
26-55-D01,D01,,5.0,205.0
26-57-D01,D01,,3.5,183.0
26-59-D01,D01,,4.5,230.0
26-61-D01,D01,,5.0,216.0
26-63-D01,D01,,7.5,294.0
26-65-W.VL.HEUVELS,W.VL.HEUVELS,,6.0,263.0
26-67-W.VL.HEUVELS,W.VL.HEUVELS,,11.0,407.0
26-69-W.VL.HEUVELS,W.VL.HEUVELS,,11.5,347.0
26-71-W.VL.HEUVELS,W.VL.HEUVELS,,13.0,532.0
26-73-W.VL.HEUVELS,W.VL.HEUVELS,,3.5,230.0
26-75-W.VL.HEUVELS,W.VL.HEUVELS,,13.0,274.0
26-77-6VB1038,6VB1038,,6.0,307.0
26-79-6VB1038,6VB1038,,6.5,284.0
26-81-6VB1038,6VB1038,,6.5,280.0
26-83-6VB1038,6VB1038,,5.5,249.0
26-85-6VB1038,6VB1038,,6.5,250.0
26-87-6VB1038,6VB1038,,9.5,287.0
27-49-VL. ARDENNEN,VL. ARDENNEN,,3.0,186.0
27-51-VL. ARDENNEN,VL. ARDENNEN,,10.5,407.0
27-53-D01,D01,,4.5,252.0
27-55-D01,D01,,7.5,319.0
27-57-D01,D01,,5.5,222.0
27-59-D01,D01,,0.5,117.0
27-61-D01,D01,,0.5,146.0
27-63-D01,D01,,7.0,240.0
27-65-W.VL.HEUVELS,W.VL.HEUVELS,,9.0,280.0
27-67-W.VL.HEUVELS,W.VL.HEUVELS,,12.5,337.0
27-69-W.VL.HEUVELS,W.VL.HEUVELS,,8.5,320.0
27-71-W.VL.HEUVELS,W.VL.HEUVELS,,8.5,387.0
27-73-W.VL.HEUVELS,W.VL.HEUVELS,,8.0,311.0
27-75-W.VL.HEUVELS,W.VL.HEUVELS,,7.5,228.0
27-77-6VB1038,6VB1038,,4.5,187.0
27-79-6VB1038,6VB1038,,3.0,154.0
27-81-6VB1038,6VB1038,,7.0,316.0
27-83-6VB1038,6VB1038,,8.0,333.0
27-85-6VB1038,6VB1038,,6.0,296.0
27-87-6VB1038,6VB1038,,13.0,417.0
4-57-5VB1034,5VB1034,,,100.0
4-67-D04,D04,,,72.0
4-79-VL. ARDENNEN,VL. ARDENNEN,,,90.0
4-81-VL. ARDENNEN,VL. ARDENNEN,,,95.0
5-51-HONGARIJE,HONGARIJE,,,85.0
5-63-5VB1034,5VB1034,,,105.0
5-67-D04,D04,,,90.0
5-73-D04,D04,,,77.0
5-75-D04,D04,,,81.0
5-81-VL. ARDENNEN,VL. ARDENNEN,,,77.0
6-59-5VB1034,5VB1034,,,100.0
6-83-VL. ARDENNEN,VL. ARDENNEN,,,82.0
7-75-D04,D04,,,63.0
8-49-HONGARIJE,HONGARIJE,,,91.0
8-67-D04,D04,,,93.0
8-71-D04,D04,,,88.0
8-75-D04,D04,,,97.0
8-77-VL. ARDENNEN,VL. ARDENNEN,,,92.0
8-79-VL. ARDENNEN,VL. ARDENNEN,,,91.0
9-79-VL. ARDENNEN,VL. ARDENNEN,,,90.0
11-51-GR. CORRIDOR,GR. CORRIDOR,,,106.0
11-57-5VB1051,5VB1051,,,96.0
11-69-HONGARIJE,HONGARIJE,,,95.0
12-53-5VB1051,5VB1051,,,91.0
12-69-HONGARIJE,HONGARIJE,,,87.0
12-73-HONGARIJE,HONGARIJE,,,100.0
12-75-HONGARIJE,HONGARIJE,,,93.0
13-57-5VB1051,5VB1051,,,100.0
13-75-HONGARIJE,HONGARIJE,,,114.0
15-83-5VB1034,5VB1034,,,93.0
18-63-6VB1038,6VB1038,,,78.0
19-65-GR. CORRIDOR,GR. CORRIDOR,,,82.0
19-69-GR. CORRIDOR,GR. CORRIDOR,,,74.0
25-79-6VB1038,6VB1038,,,103.0
