4-7-5VB1034,4,7,5VB1034,201.0
4-9-Gr. corridor,4,9,Gr. corridor,104.0
4-11-Gr. corridor,4,11,Gr. corridor,75.0
4-13-Vl. Ardennen,4,13,Vl. Ardennen,310.0
4-15-Vl. Ardennen,4,15,Vl. Ardennen,310.0
4-17-Gr. corridor,4,17,Gr. corridor,313.0
4-19-Gr. corridor,4,19,Gr. corridor,232.0
4-21-Gr. corridor,4,21,Gr. corridor,105.0
4-23-Gr. corridor,4,23,Gr. corridor,198.0
4-25-Gr. corridor,4,25,Gr. corridor,85.0
4-27-Gr. corridor,4,27,Gr. corridor,103.0
4-29-5VB1051,4,29,5VB1051,231.0
4-31-5VB1051,4,31,5VB1051,210.0
4-33-5VB1051,4,33,5VB1051,177.0
4-35-5VB1051,4,35,5VB1051,151.0
4-37-5VB1051,4,37,5VB1051,387.0
4-39-5VB1051,4,39,5VB1051,333.0
4-53-5VB1034,4,53,5VB1034,265.0
4-55-5VB1034,4,55,5VB1034,252.0
4-57-5VB1034,4,57,5VB1034,100.0
4-59-5VB1034,4,59,5VB1034,273.0
4-61-5VB1034,4,61,5VB1034,326.0
4-63-5VB1034,4,63,5VB1034,153.0
4-65-D04,4,65,D04,219.0
4-67-D04,4,67,D04,72.0
4-69-D04,4,69,D04,149.0
4-71-D04,4,71,D04,202.0
4-73-D04,4,73,D04,165.0
4-75-D04,4,75,D04,186.0
4-77-Vl. Ardennen,4,77,Vl. Ardennen,138.0
4-79-Vl. Ardennen,4,79,Vl. Ardennen,90.0
4-81-Vl. Ardennen,4,81,Vl. Ardennen,95.0
4-83-Vl. Ardennen,4,83,Vl. Ardennen,176.0
4-85-Vl. Ardennen,4,85,Vl. Ardennen,337.0
4-87-Vl. Ardennen,4,87,Vl. Ardennen,257.0
5-7-Gr. corridor,5,7,Gr. corridor,122.0
5-9-Gr. corridor,5,9,Gr. corridor,100.0
5-11-Gr. corridor,5,11,Gr. corridor,150.0
5-13-Vl. Ardennen,5,13,Vl. Ardennen,260.0
5-15-Vl. Ardennen,5,15,Vl. Ardennen,234.0
5-17-gr. corridor,5,17,gr. corridor,304.0
5-19-gr. corridor,5,19,gr. corridor,255.0
5-21-gr. corridor,5,21,gr. corridor,263.0
5-23-gr. corridor,5,23,gr. corridor,205.0
5-25-gr. corridor,5,25,gr. corridor,301.0
5-27-gr. corridor,5,27,gr. corridor,99.0
5-29-5VB1051,5,29,5VB1051,235.0
5-31-5VB1051,5,31,5VB1051,185.0
5-33-5VB1051,5,33,5VB1051,225.0
5-35-5VB1051,5,35,5VB1051,132.0
5-37-5VB1051,5,37,5VB1051,388.0
5-39-5VB1051,5,39,5VB1051,349.0
5-53-5VB1034,5,53,5VB1034,180.0
5-55-5VB1034,5,55,5VB1034,270.0
5-57-5VB1034,5,57,5VB1034,196.0
5-59-5VB1034,5,59,5VB1034,228.0
5-61-5VB1034,5,61,5VB1034,206.0
5-63-5VB1034,5,63,5VB1034,105.0
5-65-D04,5,65,D04,236.0
5-67-D04,5,67,D04,90.0
5-69-D04,5,69,D04,256.0
5-71-D04,5,71,D04,173.0
5-73-D04,5,73,D04,77.0
5-75-D04,5,75,D04,81.0
5-77-Vl. Ardennen,5,77,Vl. Ardennen,137.0
5-79-Vl. Ardennen,5,79,Vl. Ardennen,178.0
5-81-Vl. Ardennen,5,81,Vl. Ardennen,77.0
5-83-Vl. Ardennen,5,83,Vl. Ardennen,199.0
5-85-Vl. Ardennen,5,85,Vl. Ardennen,217.0
5-87-Vl. Ardennen,5,87,Vl. Ardennen,156.0
6-7-?,6,7,?,193.0
6-9-?,6,9,?,222.0
6-11-?,6,11,?,190.0
6-13-Vl. Ardennen,6,13,Vl. Ardennen,55.0
6-17-Gr. corridor,6,17,Gr. corridor,390.0
6-19-Gr. corridor,6,19,Gr. corridor,239.0
6-21-Gr. corridor,6,21,Gr. corridor,312.0
6-23-Gr. corridor,6,23,Gr. corridor,343.0
6-25-Gr. corridor,6,25,Gr. corridor,206.0
6-27-Gr. corridor,6,27,Gr. corridor,187.0
6-29-5VB1051,6,29,5VB1051,155.0
6-31-5VB1051,6,31,5VB1051,65.0
6-33-5VB1051,6,33,5VB1051,157.0
6-35-5VB1051,6,35,5VB1051,240.0
6-37-5VB1051,6,37,5VB1051,102.0
6-39-5VB1051,6,39,5VB1051,182.0
6-53-5VB1034,6,53,5VB1034,293.0
6-55-5VB1034,6,55,5VB1034,240.0
6-57-5VB1034,6,57,5VB1034,188.0
6-59-5VB1034,6,59,5VB1034,100.0
6-61-5VB1034,6,61,5VB1034,134.0
6-63-5VB1034,6,63,5VB1034,215.0
6-65-D04,6,65,D04,327.0
6-67-D04,6,67,D04,221.0
6-69-D04,6,69,D04,184.0
6-71-D04,6,71,D04,168.0
6-73-D04,6,73,D04,224.0
6-75-D04,6,75,D04,139.0
6-77-Vl. Ardennen,6,77,Vl. Ardennen,272.0
6-79-Vl. Ardennen,6,79,Vl. Ardennen,228.0
6-81-Vl. Ardennen,6,81,Vl. Ardennen,110.0
6-83-Vl. Ardennen,6,83,Vl. Ardennen,82.0
6-85-Vl. Ardennen,6,85,Vl. Ardennen,245.0
6-87-Vl. Ardennen,6,87,Vl. Ardennen,295.0
7-7-Gr. corridor,7,7,Gr. corridor,243.0
7-9-?,7,9,?,96.0
7-11-Gr. corridor,7,11,Gr. corridor,201.0
7-13-?,7,13,?,234.0
7-15-Vl. Ardennen,7,15,Vl. Ardennen,171.0
7-17-gr. corridor,7,17,gr. corridor,361.0
7-19-gr. corridor,7,19,gr. corridor,308.0
7-21-gr. corridor,7,21,gr. corridor,256.0
7-23-gr. corridor,7,23,gr. corridor,241.0
7-25-gr. corridor,7,25,gr. corridor,95.0
7-27-gr. corridor,7,27,gr. corridor,185.0
7-29-5VB1051,7,29,5VB1051,163.0
7-31-5VB1051,7,31,5VB1051,100.0
7-33-5VB1051,7,33,5VB1051,289.0
7-35-5VB1051,7,35,5VB1051,212.0
7-37-5VB1051,7,37,5VB1051,206.0
7-39-5VB1051,7,39,5VB1051,299.0
7-53-5VB1034,7,53,5VB1034,188.0
7-55-5VB1034,7,55,5VB1034,235.0
7-57-5VB1034,7,57,5VB1034,246.0
7-59-5VB1034,7,59,5VB1034,150.0
7-61-5VB1034,7,61,5VB1034,195.0
7-63-5VB1034,7,63,5VB1034,220.0
7-65-D04,7,65,D04,221.0
7-67-D04,7,67,D04,195.0
7-69-D04,7,69,D04,180.0
7-71-D04,7,71,D04,133.0
7-73-D04,7,73,D04,221.0
7-75-D04,7,75,D04,63.0
7-77-Vl. Ardennen,7,77,Vl. Ardennen,182.0
7-79-Vl. Ardennen,7,79,Vl. Ardennen,145.0
7-81-Vl. Ardennen,7,81,Vl. Ardennen,171.0
7-83-Vl. Ardennen,7,83,Vl. Ardennen,158.0
7-85-Vl. Ardennen,7,85,Vl. Ardennen,263.0
7-87-Vl. Ardennen,7,87,Vl. Ardennen,238.0
8-7-?,8,7,?,264.0
8-9-?,8,9,?,231.0
8-11-Vl. Ardennen,8,11,Vl. Ardennen,167.0
8-13-Vl. Ardennen,8,13,Vl. Ardennen,187.0
8-15-Vl. Ardennen,8,15,Vl. Ardennen,165.0
8-17-Gr. corridor,8,17,Gr. corridor,330.0
8-19-Gr. corridor,8,19,Gr. corridor,363.0
8-21-Gr. corridor,8,21,Gr. corridor,376.0
8-23-Gr. corridor,8,23,Gr. corridor,245.0
8-25-Gr. corridor,8,25,Gr. corridor,160.0
8-27-Gr. corridor,8,27,Gr. corridor,173.0
8-29-5VB1051,8,29,5VB1051,155.0
8-31-5VB1051,8,31,5VB1051,230.0
8-33-5VB1051,8,33,5VB1051,314.0
8-35-5VB1051,8,35,5VB1051,290.0
8-37-5VB1051,8,37,5VB1051,254.0
8-39-5VB1051,8,39,5VB1051,254.0
8-53-5VB1034,8,53,5VB1034,329.0
8-55-5VB1034,8,55,5VB1034,399.0
8-57-5VB1034,8,57,5VB1034,162.0
8-59-5VB1034,8,59,5VB1034,256.0
8-61-5VB1034,8,61,5VB1034,170.0
8-63-5VB1034,8,63,5VB1034,237.0
8-65-D04,8,65,D04,317.0
8-67-D04,8,67,D04,93.0
8-69-D04,8,69,D04,214.0
8-71-D04,8,71,D04,88.0
8-73-D04,8,73,D04,115.0
8-75-D04,8,75,D04,97.0
8-77-Vl. Ardennen,8,77,Vl. Ardennen,92.0
8-79-Vl. Ardennen,8,79,Vl. Ardennen,91.0
8-81-Vl. Ardennen,8,81,Vl. Ardennen,115.0
8-83-Vl. Ardennen,8,83,Vl. Ardennen,250.0
8-85-Vl. Ardennen,8,85,Vl. Ardennen,228.0
8-87-Vl. Ardennen,8,87,Vl. Ardennen,300.0
9-5-Vl. Ardennen,9,5,Vl. Ardennen,148.0
9-7-Vl. Ardennen,9,7,Vl. Ardennen,124.0
9-9-Vl. Ardennen,9,9,Vl. Ardennen,206.0
9-11-Vl. Ardennen,9,11,Vl. Ardennen,296.0
9-13-Vl. Ardennen,9,13,Vl. Ardennen,296.0
9-15-Vl. Ardennen,9,15,Vl. Ardennen,319.0
9-17-gr. corridor,9,17,gr. corridor,401.0
9-19-gr. corridor,9,19,gr. corridor,328.0
9-21-gr. corridor,9,21,gr. corridor,182.0
9-23-gr. corridor,9,23,gr. corridor,203.0
9-25-gr. corridor,9,25,gr. corridor,293.0
9-27-gr. corridor,9,27,gr. corridor,327.0
9-29-5VB1051,9,29,5VB1051,142.0
9-31-5VB1051,9,31,5VB1051,339.0
9-33-5VB1051,9,33,5VB1051,132.0
9-35-5VB1051,9,35,5VB1051,241.0
9-37-5VB1051,9,37,5VB1051,194.0
9-39-5VB1051,9,39,5VB1051,373.0
9-53-5VB1034,9,53,5VB1034,183.0
9-55-5VB1034,9,55,5VB1034,272.0
9-57-5VB1034,9,57,5VB1034,284.0
9-59-5VB1034,9,59,5VB1034,185.0
9-61-5VB1034,9,61,5VB1034,208.0
9-63-5VB1034,9,63,5VB1034,152.0
9-65-D04,9,65,D04,367.0
9-67-D04,9,67,D04,175.0
9-69-D04,9,69,D04,185.0
9-71-D04,9,71,D04,216.0
9-73-D04,9,73,D04,151.0
9-75-D04,9,75,D04,245.0
9-77-Vl. Ardennen,9,77,Vl. Ardennen,193.0
9-79-Vl. Ardennen,9,79,Vl. Ardennen,90.0
9-81-Vl. Ardennen,9,81,Vl. Ardennen,347.0
9-83-Vl. Ardennen,9,83,Vl. Ardennen,297.0
9-85-Vl. Ardennen,9,85,Vl. Ardennen,352.0
9-87-Vl. Ardennen,9,87,Vl. Ardennen,220.0
10-5-D01,10,5,D01,245.0
10-7-D01,10,7,D01,263.0
10-9-D01,10,9,D01,276.0
10-11-D01,10,11,D01,201.0
10-13-D01,10,13,D01,275.0
10-15-D01,10,15,D01,112.0
10-17-W.Vl.Heuvels,10,17,W.Vl.Heuvels,213.0
10-19-W.Vl.Heuvels,10,19,W.Vl.Heuvels,235.0
10-21-W.Vl.Heuvels,10,21,W.Vl.Heuvels,401.0
10-23-W.Vl.Heuvels,10,23,W.Vl.Heuvels,296.0
10-25-W.Vl.Heuvels,10,25,W.Vl.Heuvels,253.0
10-27-W.Vl.Heuvels,10,27,W.Vl.Heuvels,286.0
10-29-6VB1038,10,29,6VB1038,235.0
10-31-6VB1038,10,31,6VB1038,197.0
10-33-6VB1038,10,33,6VB1038,313.0
10-35-6VB1038,10,35,6VB1038,263.0
10-37-6VB1038,10,37,6VB1038,177.0
10-39-6VB1038,10,39,6VB1038,143.0
10-41-Gr. corridor,10,41,Gr. corridor,231.0
10-43-Gr. corridor,10,43,Gr. corridor,263.0
10-45-Gr. corridor,10,45,Gr. corridor,126.0
10-47-Gr. corridor,10,47,Gr. corridor,280.0
10-49-Gr. corridor,10,49,Gr. corridor,322.0
10-51-Gr. corridor,10,51,Gr. corridor,236.0
10-53-5VB1051,10,53,5VB1051,286.0
10-55-5VB1051,10,55,5VB1051,188.0
10-57-5VB1051,10,57,5VB1051,154.0
10-59-5VB1051,10,59,5VB1051,115.0
10-61-5VB1051,10,61,5VB1051,185.0
10-63-5VB1051,10,63,5VB1051,304.0
10-77-5VB1034,10,77,5VB1034,226.0
10-79-5VB1034,10,79,5VB1034,180.0
10-81-5VB1034,10,81,5VB1034,203.0
10-83-5VB1034,10,83,5VB1034,262.0
10-85-5VB1034,10,85,5VB1034,175.0
10-87-5VB1034,10,87,5VB1034,235.0
11-5-D01,11,5,D01,206.0
11-7-D01,11,7,D01,207.0
11-9-D01,11,9,D01,211.0
11-11-D01,11,11,D01,242.0
11-13-D01,11,13,D01,340.0
11-15-D01,11,15,D01,345.0
11-17-W.Vl.Heuvels,11,17,W.Vl.Heuvels,260.0
11-19-W.Vl.Heuvels,11,19,W.Vl.Heuvels,337.0
11-21-W.Vl.Heuvels,11,21,W.Vl.Heuvels,322.0
11-23-W.Vl.Heuvels,11,23,W.Vl.Heuvels,294.0
11-25-W.Vl.Heuvels,11,25,W.Vl.Heuvels,187.0
11-27-W.Vl.Heuvels,11,27,W.Vl.Heuvels,293.0
11-29-6VB1038,11,29,6VB1038,177.0
11-31-6VB1038,11,31,6VB1038,231.0
11-33-6VB1038197,11,33,6VB1038197,299.0
11-35-6VB1038,11,35,6VB1038,296.0
11-37-6VB1038,11,37,6VB1038,221.0
11-39-6VB1038,11,39,6VB1038,200.0
11-41-gr. corridor,11,41,gr. corridor,195.0
11-43-gr. corridor,11,43,gr. corridor,113.0
11-45-gr. corridor,11,45,gr. corridor,152.0
11-47-gr. corridor,11,47,gr. corridor,146.0
11-49-gr. corridor,11,49,gr. corridor,235.0
11-51-gr. corridor,11,51,gr. corridor,106.0
11-53-5VB1051,11,53,5VB1051,175.0
11-55-5VB1051,11,55,5VB1051,182.0
11-57-5VB1051,11,57,5VB1051,96.0
11-59-5VB1051,11,59,5VB1051,158.0
11-61-5VB1051,11,61,5VB1051,253.0
11-63-5VB1051,11,63,5VB1051,325.0
11-77-5VB1034,11,77,5VB1034,347.0
11-79-5VB1034,11,79,5VB1034,170.0
11-81-5VB1034,11,81,5VB1034,280.0
11-83-5VB1034,11,83,5VB1034,272.0
11-85-5VB1034,11,85,5VB1034,332.0
11-87-5VB1034,11,87,5VB1034,308.0
12-5-D01,12,5,D01,158.0
12-7-D01,12,7,D01,236.0
12-9-D01,12,9,D01,325.0
12-11-D01,12,11,D01,386.0
12-13-D01,12,13,D01,350.0
12-15-D01,12,15,D01,300.0
12-17-W.Vl.Heuvels,12,17,W.Vl.Heuvels,286.0
12-19-W.Vl.Heuvels,12,19,W.Vl.Heuvels,278.0
12-21-W.Vl.Heuvels,12,21,W.Vl.Heuvels,351.0
12-23-W.Vl.Heuvels,12,23,W.Vl.Heuvels,364.0
12-25-W.Vl.Heuvels,12,25,W.Vl.Heuvels,267.0
12-27-W.Vl.Heuvels,12,27,W.Vl.Heuvels,175.0
12-29-6VB1038,12,29,6VB1038,265.0
12-31-6VB1038,12,31,6VB1038,324.0
12-33-6VB1038,12,33,6VB1038,246.0
12-35-6VB1038,12,35,6VB1038,199.0
12-37-6VB1038,12,37,6VB1038,121.0
12-39-6VB1038,12,39,6VB1038,159.0
12-41-Gr. corridor,12,41,Gr. corridor,130.0
12-43-Gr. corridor,12,43,Gr. corridor,80.0
12-45-Gr. corridor,12,45,Gr. corridor,203.0
12-47-Gr. corridor,12,47,Gr. corridor,128.0
12-49-Gr. corridor,12,49,Gr. corridor,147.0
12-51-Gr. corridor,12,51,Gr. corridor,232.0
12-53-5VB1051,12,53,5VB1051,91.0
12-55-5VB1051,12,55,5VB1051,173.0
12-57-5VB1051,12,57,5VB1051,155.0
12-59-5VB1051,12,59,5VB1051,220.0
12-61-5VB1051,12,61,5VB1051,275.0
12-63-5VB1051,12,63,5VB1051,249.0
12-77-5VB1034,12,77,5VB1034,334.0
12-79-5VB1034,12,79,5VB1034,261.0
12-81-5VB1034,12,81,5VB1034,385.0
12-83-5VB1034,12,83,5VB1034,238.0
12-85-5VB1034,12,85,5VB1034,340.0
12-87-5VB1034,12,87,5VB1034,282.0
13-5-D01,13,5,D01,226.0
13-7-D01,13,7,D01,157.0
13-9-D01,13,9,D01,245.0
13-11-D01,13,11,D01,285.0
13-13-D01,13,13,D01,163.0
13-15-D01,13,15,D01,321.0
13-17-W.Vl.Heuvels,13,17,W.Vl.Heuvels,380.0
13-19-W.Vl.Heuvels,13,19,W.Vl.Heuvels,314.0
13-21-W.Vl.Heuvels,13,21,W.Vl.Heuvels,172.0
13-23-W.Vl.Heuvels,13,23,W.Vl.Heuvels,326.0
13-25-W.Vl.Heuvels,13,25,W.Vl.Heuvels,186.0
13-27-W.Vl.Heuvels,13,27,W.Vl.Heuvels,154.0
13-29-6VB1038,13,29,6VB1038,267.0
13-31-6VB1038,13,31,6VB1038,175.0
13-33-6VB1038,13,33,6VB1038,138.0
13-35-6VB1038,13,35,6VB1038,330.0
13-37-6VB1038,13,37,6VB1038,84.0
13-39-6VB1038,13,39,6VB1038,225.0
13-41-gr. corridor,13,41,gr. corridor,257.0
13-43-gr. corridor,13,43,gr. corridor,238.0
13-45-gr. corridor,13,45,gr. corridor,198.0
13-47-gr. corridor,13,47,gr. corridor,94.0
13-49-gr. corridor,13,49,gr. corridor,371.0
13-51-gr. corridor,13,51,gr. corridor,258.0
13-53-5VB1051,13,53,5VB1051,310.0
13-55-5VB1051,13,55,5VB1051,305.0
13-57-5VB1051,13,57,5VB1051,100.0
13-59-5VB1051,13,59,5VB1051,266.0
13-61-5VB1051,13,61,5VB1051,158.0
13-63-5VB1051,13,63,5VB1051,358.0
13-77-5VB1034,13,77,5VB1034,213.0
13-79-5VB1034,13,79,5VB1034,208.0
13-81-5VB1034,13,81,5VB1034,223.0
13-83-5VB1034,13,83,5VB1034,263.0
13-85-5VB1034,13,85,5VB1034,382.0
13-87-5VB1034,13,87,5VB1034,375.0
14-5-D01,14,5,D01,204.0
14-7-D01,14,7,D01,197.0
14-9-D01,14,9,D01,252.0
14-11-D01,14,11,D01,281.0
14-13-D01,14,13,D01,345.0
14-15-D01,14,15,D01,356.0
14-17-W.Vl.Heuvels,14,17,W.Vl.Heuvels,370.0
14-19-W.Vl.Heuvels,14,19,W.Vl.Heuvels,278.0
14-21-W.Vl.Heuvels,14,21,W.Vl.Heuvels,245.0
14-23-W.Vl.Heuvels,14,23,W.Vl.Heuvels,270.0
14-25-W.Vl.Heuvels,14,25,W.Vl.Heuvels,210.0
14-27-W.Vl.Heuvels,14,27,W.Vl.Heuvels,225.0
14-29-6VB1038,14,29,6VB1038,140.0
14-31-6VB1038,14,31,6VB1038,197.0
14-33-6VB1038,14,33,6VB1038,120.0
14-35-6VB1038,14,35,6VB1038,238.0
14-37-6VB1038,14,37,6VB1038,135.0
14-39-6VB1038,14,39,6VB1038,218.0
14-41-Gr. corridor,14,41,Gr. corridor,247.0
14-43-Gr. corridor,14,43,Gr. corridor,153.0
14-45-Gr. corridor,14,45,Gr. corridor,174.0
14-47-Gr. corridor,14,47,Gr. corridor,284.0
14-49-Gr. corridor,14,49,Gr. corridor,278.0
14-51-Gr. corridor,14,51,Gr. corridor,272.0
14-53-5VB1051,14,53,5VB1051,300.0
14-57-5VB1051,14,57,5VB1051,274.0
14-59-5VB1051,14,59,5VB1051,291.0
14-61-5VB1051,14,61,5VB1051,114.0
14-63-5VB1051,14,63,5VB1051,254.0
14-77-5VB1034,14,77,5VB1034,259.0
14-79-5VB1034,14,79,5VB1034,115.0
14-81-5VB1034,14,81,5VB1034,348.0
14-83-5VB1034,14,83,5VB1034,290.0
14-85-5VB1034,14,85,5VB1034,382.0
14-87-5VB1034,14,87,5VB1034,384.0
15-5-D01,15,5,D01,159.0
15-7-D01,15,7,D01,107.0
15-9-D01,15,9,D01,201.0
15-11-D01,15,11,D01,235.0
15-15-D01,15,15,D01,205.0
15-17-W.Vl.Heuvels,15,17,W.Vl.Heuvels,156.0
15-19-W.Vl.Heuvels,15,19,W.Vl.Heuvels,291.0
15-21-W.Vl.Heuvels,15,21,W.Vl.Heuvels,276.0
15-23-W.Vl.Heuvels,15,23,W.Vl.Heuvels,265.0
15-25-W.Vl.Heuvels,15,25,W.Vl.Heuvels,313.0
15-27-W.Vl.Heuvels,15,27,W.Vl.Heuvels,125.0
15-29-6VB1038,15,29,6VB1038,116.0
15-31-6VB1038,15,31,6VB1038,69.0
15-33-6VB1038,15,33,6VB1038,124.0
15-35-6VB1038,15,35,6VB1038,136.0
15-37-6VB1038,15,37,6VB1038,146.0
15-39-6VB1038,15,39,6VB1038,203.0
15-41-gr. corridor,15,41,gr. corridor,301.0
15-43-gr. corridor,15,43,gr. corridor,338.0
15-45-gr. corridor,15,45,gr. corridor,313.0
15-47-gr. corridor,15,47,gr. corridor,359.0
15-49-gr. corridor,15,49,gr. corridor,240.0
15-51-gr. corridor,15,51,gr. corridor,261.0
15-53-5VB1051,15,53,5VB1051,247.0
15-55-5VB1051,15,55,5VB1051,233.0
15-57-5VB1051,15,57,5VB1051,272.0
15-59-5VB1051,15,59,5VB1051,210.0
15-61-5VB1051,15,61,5VB1051,361.0
15-63-5VB1051,15,63,5VB1051,185.0
15-77-5VB1034,15,77,5VB1034,248.0
15-79-5VB1034,15,79,5VB1034,143.0
15-81-5VB1034,15,81,5VB1034,280.0
15-83-5VB1034,15,83,5VB1034,93.0
15-85-5VB1034,15,85,5VB1034,310.0
15-87-5VB1034,15,87,5VB1034,280.0
16-5-D04,16,5,D04,96.0
16-7-D04,16,7,D04,153.0
16-9-D04,16,9,D04,316.0
16-11-D04,16,11,D04,280.0
16-13-D04,16,13,D04,390.0
16-15-D04,16,15,D04,242.0
16-17-Vl. Ardennen,16,17,Vl. Ardennen,260.0
16-19-Vl. Ardennen,16,19,Vl. Ardennen,132.0
16-21-Vl. Ardennen,16,21,Vl. Ardennen,368.0
16-23-Vl. Ardennen,16,23,Vl. Ardennen,361.0
16-25-Vl. Ardennen,16,25,Vl. Ardennen,250.0
16-27-Vl. Ardennen,16,27,Vl. Ardennen,123.0
16-29-D01,16,29,D01,154.0
16-31-D01,16,31,D01,110.0
16-33-D01,16,33,D01,124.0
16-35-D01,16,35,D01,208.0
16-37-D01,16,37,D01,248.0
16-39-D01,16,39,D01,165.0
16-41-W.Vl.Heuvels,16,41,W.Vl.Heuvels,231.0
16-43-W.Vl.Heuvels,16,43,W.Vl.Heuvels,125.0
16-45-W.Vl.Heuvels,16,45,W.Vl.Heuvels,333.0
16-47-W.Vl.Heuvels,16,47,W.Vl.Heuvels,255.0
16-49-W.Vl.Heuvels,16,49,W.Vl.Heuvels,396.0
16-51-W.Vl.Heuvels,16,51,W.Vl.Heuvels,320.0
16-53-6VB1038,16,53,6VB1038,274.0
16-55-6VB1038,16,55,6VB1038,294.0
16-57-6VB1038,16,57,6VB1038,346.0
16-59-6VB1038,16,59,6VB1038,250.0
16-61-6VB1038,16,61,6VB1038,255.0
16-63-6VB1038,16,63,6VB1038,294.0
16-65-Gr. corridor,16,65,Gr. corridor,265.0
16-67-Gr. corridor,16,67,Gr. corridor,300.0
16-69-Gr. corridor,16,69,Gr. corridor,174.0
16-71-Gr. corridor,16,71,Gr. corridor,326.0
16-73-Gr. corridor,16,73,Gr. corridor,248.0
16-75-Gr. corridor,16,75,Gr. corridor,270.0
16-77-5VB1051,16,77,5VB1051,295.0
16-79-5VB1051,16,79,5VB1051,180.0
16-81-5VB1051,16,81,5VB1051,183.0
16-83-5VB1051,16,83,5VB1051,225.0
16-85-5VB1051,16,85,5VB1051,335.0
16-87-5VB1051,16,87,5VB1051,340.0
17-5-D04,17,5,D04,98.0
17-7-D04,17,7,D04,133.0
17-9-D04,17,9,D04,286.0
17-11-D04,17,11,D04,104.0
17-13-D04,17,13,D04,95.0
17-15-D04,17,15,D04,232.0
17-17-Vl. Ardennen,17,17,Vl. Ardennen,146.0
17-19-Vl. Ardennen,17,19,Vl. Ardennen,291.0
17-21-Vl. Ardennen,17,21,Vl. Ardennen,293.0
17-23-Vl. Ardennen,17,23,Vl. Ardennen,262.0
17-25-Vl. Ardennen,17,25,Vl. Ardennen,225.0
17-27-Vl. Ardennen,17,27,Vl. Ardennen,194.0
17-29-D01,17,29,D01,205.0
17-31-D01,17,31,D01,228.0
17-33-D01,17,33,D01,318.0
17-35-D01,17,35,D01,323.0
17-37-D01,17,37,D01,302.0
17-39-D01,17,39,D01,291.0
17-41-W.Vl.Heuvels,17,41,W.Vl.Heuvels,232.0
17-43-W.Vl.Heuvels,17,43,W.Vl.Heuvels,320.0
17-45-W.Vl.Heuvels,17,45,W.Vl.Heuvels,257.0
17-47-W.Vl.Heuvels,17,47,W.Vl.Heuvels,177.0
17-49-W.Vl.Heuvels,17,49,W.Vl.Heuvels,368.0
17-51-W.Vl.Heuvels,17,51,W.Vl.Heuvels,227.0
17-53-6VB1038,17,53,6VB1038,369.0
17-55-6VB1038,17,55,6VB1038,299.0
17-57-6VB1038,17,57,6VB1038,217.0
17-59-6VB1038,17,59,6VB1038,193.0
17-61-6VB1038,17,61,6VB1038,336.0
17-63-6VB1038,17,63,6VB1038,206.0
17-65-gr. corridor,17,65,gr. corridor,260.0
17-67-gr. corridor,17,67,gr. corridor,216.0
17-69-gr. corridor,17,69,gr. corridor,217.0
17-71-gr. corridor,17,71,gr. corridor,193.0
17-73-gr. corridor,17,73,gr. corridor,250.0
17-75-gr. corridor,17,75,gr. corridor,130.0
17-77-5VB1051,17,77,5VB1051,206.0
17-79-5VB1051,17,79,5VB1051,245.0
17-81-5VB1051,17,81,5VB1051,266.0
17-83-5VB1051,17,83,5VB1051,105.0
17-85-5VB1051,17,85,5VB1051,380.0
17-87-5VB1051,17,87,5VB1051,175.0
18-5-D04,18,5,D04,231.0
18-7-D04,18,7,D04,252.0
18-9-D04,18,9,D04,222.0
18-11-D04,18,11,D04,230.0
18-13-D04,18,13,D04,262.0
18-15-D04,18,15,D04,192.0
18-17-Vl. Ardennen,18,17,Vl. Ardennen,136.0
18-19-Vl. Ardennen,18,19,Vl. Ardennen,228.0
18-21-Vl. Ardennen,18,21,Vl. Ardennen,211.0
18-23-Vl. Ardennen,18,23,Vl. Ardennen,238.0
18-25-Vl. Ardennen,18,25,Vl. Ardennen,93.0
18-27-Vl. Ardennen,18,27,Vl. Ardennen,250.0
18-29-D01,18,29,D01,211.0
18-33-D01,18,33,D01,301.0
18-35-D01,18,35,D01,242.0
18-37-D01,18,37,D01,330.0
18-39-D01,18,39,D01,292.0
18-41-W.Vl.Heuvels,18,41,W.Vl.Heuvels,353.0
18-43-W.Vl.Heuvels,18,43,W.Vl.Heuvels,339.0
18-45-W.Vl.Heuvels,18,45,W.Vl.Heuvels,395.0
18-47-W.Vl.Heuvels,18,47,W.Vl.Heuvels,223.0
18-49-W.Vl.Heuvels,18,49,W.Vl.Heuvels,249.0
18-51-W.Vl.Heuvels,18,51,W.Vl.Heuvels,326.0
18-53-6VB1038,18,53,6VB1038,329.0
18-55-6VB1038,18,55,6VB1038,313.0
18-57-6VB1038,18,57,6VB1038,252.0
18-59-6VB1038,18,59,6VB1038,301.0
18-61-6VB1038,18,61,6VB1038,250.0
18-63-6VB1038,18,63,6VB1038,78.0
18-65-Gr. corridor,18,65,Gr. corridor,149.0
18-67-Gr. corridor,18,67,Gr. corridor,226.0
18-69-Gr. corridor,18,69,Gr. corridor,150.0
18-71-Gr. corridor,18,71,Gr. corridor,260.0
18-73-Gr. corridor,18,73,Gr. corridor,115.0
18-75-Gr. corridor,18,75,Gr. corridor,299.0
18-77-5VB1051,18,77,5VB1051,122.0
18-79-5VB1051,18,79,5VB1051,322.0
18-81-5VB1051,18,81,5VB1051,247.0
18-83-5VB1051,18,83,5VB1051,248.0
18-85-5VB1051,18,85,5VB1051,389.0
18-87-5VB1051,18,87,5VB1051,337.0
19-5-D04,19,5,D04,193.0
19-7-D04,19,7,D04,215.0
19-9-D04,19,9,D04,203.0
19-11-D04,19,11,D04,173.0
19-13-D04,19,13,D04,256.0
19-15-D04,19,15,D04,245.0
19-17-Vl. Ardennen,19,17,Vl. Ardennen,304.0
19-19-Vl. Ardennen,19,19,Vl. Ardennen,231.0
19-21-Vl. Ardennen,19,21,Vl. Ardennen,313.0
19-23-Vl. Ardennen,19,23,Vl. Ardennen,225.0
19-25-Vl. Ardennen,19,25,Vl. Ardennen,145.0
19-27-Vl. Ardennen,19,27,Vl. Ardennen,151.0
19-29-D01,19,29,D01,358.0
19-31-D01,19,31,D01,154.0
19-35-D01,19,35,D01,213.0
19-37-D01,19,37,D01,151.0
19-39-D01,19,39,D01,368.0
19-41-W.Vl.Heuvels,19,41,W.Vl.Heuvels,278.0
19-43-W.Vl.Heuvels,19,43,W.Vl.Heuvels,324.0
19-45-W.Vl.Heuvels,19,45,W.Vl.Heuvels,292.0
19-47-W.Vl.Heuvels,19,47,W.Vl.Heuvels,283.0
19-49-W.Vl.Heuvels,19,49,W.Vl.Heuvels,215.0
19-51-W.Vl.Heuvels,19,51,W.Vl.Heuvels,262.0
19-53-6VB1038,19,53,6VB1038,296.0
19-55-6VB1038,19,55,6VB1038,258.0
19-57-6VB1038,19,57,6VB1038,386.0
19-59-6VB1038,19,59,6VB1038,213.0
19-61-6VB1038,19,61,6VB1038,228.0
19-63-6VB1038,19,63,6VB1038,260.0
19-65-gr. corridor,19,65,gr. corridor,82.0
19-67-gr. corridor,19,67,gr. corridor,190.0
19-69-gr. corridor,19,69,gr. corridor,74.0
19-71-gr. corridor,19,71,gr. corridor,206.0
19-73-gr. corridor,19,73,gr. corridor,211.0
19-75-gr. corridor,19,75,gr. corridor,187.0
19-77-5VB1051,19,77,5VB1051,147.0
19-79-5VB1051,19,79,5VB1051,311.0
19-81-5VB1051,19,81,5VB1051,250.0
19-83-5VB1051,19,83,5VB1051,300.0
19-85-5VB1051,19,85,5VB1051,237.0
19-87-5VB1051,19,87,5VB1051,203.0
20-5-D04,20,5,D04,179.0
20-7-D04,20,7,D04,163.0
20-9-D04,20,9,D04,274.0
20-11-D04,20,11,D04,302.0
20-13-D04,20,13,D04,202.0
20-15-D04,20,15,D04,203.0
20-17-Vl. Ardennen,20,17,Vl. Ardennen,320.0
20-19-Vl. Ardennen,20,19,Vl. Ardennen,368.0
20-21-Vl. Ardennen,20,21,Vl. Ardennen,208.0
20-23-Vl. Ardennen,20,23,Vl. Ardennen,212.0
20-25-Vl. Ardennen,20,25,Vl. Ardennen,348.0
20-27-Vl. Ardennen,20,27,Vl. Ardennen,263.0
20-29-D01,20,29,D01,199.0
20-31-D01,20,31,D01,253.0
20-35-D01,20,35,D01,226.0
20-37-D01,20,37,D01,235.0
20-39-D01,20,39,D01,382.0
20-41-W.Vl.Heuvels,20,41,W.Vl.Heuvels,296.0
20-43-W.Vl.Heuvels,20,43,W.Vl.Heuvels,221.0
20-45-W.Vl.Heuvels,20,45,W.Vl.Heuvels,368.0
20-47-W.Vl.Heuvels,20,47,W.Vl.Heuvels,233.0
20-49-W.Vl.Heuvels,20,49,W.Vl.Heuvels,275.0
20-51-W.Vl.Heuvels,20,51,W.Vl.Heuvels,351.0
20-53-6VB1038,20,53,6VB1038,338.0
20-55-6VB1038,20,55,6VB1038,331.0
20-57-6VB1038,20,57,6VB1038,302.0
20-59-6VB1038,20,59,6VB1038,311.0
20-61-6VB1038,20,61,6VB1038,291.0
20-63-6VB1038,20,63,6VB1038,332.0
20-65-Gr. corridor,20,65,Gr. corridor,240.0
20-67-Gr. corridor,20,67,Gr. corridor,250.0
20-69-Gr. corridor,20,69,Gr. corridor,233.0
20-71-Gr. corridor,20,71,Gr. corridor,234.0
20-73-Gr. corridor,20,73,Gr. corridor,384.0
20-75-Gr. corridor,20,75,Gr. corridor,187.0
20-77-5VB1051,20,77,5VB1051,297.0
20-79-5VB1051,20,79,5VB1051,250.0
20-81-5VB1051,20,81,5VB1051,290.0
20-83-5VB1051,20,83,5VB1051,290.0
20-85-5VB1051,20,85,5VB1051,452.0
20-87-5VB1051,20,87,5VB1051,195.0
21-5-D04,21,5,D04,320.0
21-7-D04,21,7,D04,176.0
21-9-D04,21,9,D04,285.0
21-11-D04,21,11,D04,340.0
21-13-D04,21,13,D04,206.0
21-15-D04,21,15,D04,329.0
21-17-Vl. Ardennen,21,17,Vl. Ardennen,269.0
21-19-Vl. Ardennen,21,19,Vl. Ardennen,221.0
21-21-Vl. Ardennen,21,21,Vl. Ardennen,310.0
21-23-Vl. Ardennen,21,23,Vl. Ardennen,338.0
21-25-Vl. Ardennen,21,25,Vl. Ardennen,167.0
21-27-Vl. Ardennen,21,27,Vl. Ardennen,170.0
21-29-D01,21,29,D01,176.0
21-31-D01,21,31,D01,72.0
21-33-D01,21,33,D01,216.0
21-35-D01,21,35,D01,305.0
21-39-D01,21,39,D01,353.0
21-41-W.Vl.Heuvels,21,41,W.Vl.Heuvels,188.0
21-43-W.Vl.Heuvels,21,43,W.Vl.Heuvels,311.0
21-45-W.Vl.Heuvels,21,45,W.Vl.Heuvels,321.0
21-47-W.Vl.Heuvels,21,47,W.Vl.Heuvels,292.0
21-49-W.Vl.Heuvels,21,49,W.Vl.Heuvels,366.0
21-51-W.Vl.Heuvels,21,51,W.Vl.Heuvels,295.0
21-53-6VB1038,21,53,6VB1038,393.0
21-55-6VB1038,21,55,6VB1038,276.0
21-57-6VB1038,21,57,6VB1038,223.0
21-59-6VB1038,21,59,6VB1038,346.0
21-61-6VB1038,21,61,6VB1038,359.0
21-63-6VB1038,21,63,6VB1038,201.0
21-65-gr. corridor,21,65,gr. corridor,327.0
21-67-gr. corridor,21,67,gr. corridor,206.0
21-69-gr. corridor,21,69,gr. corridor,327.0
21-71-gr. corridor,21,71,gr. corridor,166.0
21-73-gr. corridor,21,73,gr. corridor,176.0
21-75-gr. corridor,21,75,gr. corridor,265.0
21-77-5VB1051,21,77,5VB1051,367.0
21-79-5VB1051,21,79,5VB1051,177.0
21-81-5VB1051,21,81,5VB1051,237.0
21-83-5VB1051,21,83,5VB1051,362.0
21-85-5VB1051,21,85,5VB1051,390.0
21-87-5VB1051,21,87,5VB1051,285.0
22-17-5VB1034,22,17,5VB1034,260.0
22-19-5VB1034,22,19,5VB1034,293.0
22-21-5VB1034,22,21,5VB1034,250.0
22-23-5VB1034,22,23,5VB1034,383.0
22-25-5VB1034,22,25,5VB1034,265.0
22-27-5VB1034,22,27,5VB1034,145.0
22-29-D04,22,29,D04,252.0
22-31-D04,22,31,D04,203.0
22-33-D04,22,33,D04,230.0
22-35-D04,22,35,D04,365.0
22-37-D04,22,37,D04,258.0
22-39-D04,22,39,D04,306.0
22-41-Vl. Ardennen,22,41,Vl. Ardennen,283.0
22-43-Vl. Ardennen,22,43,Vl. Ardennen,368.0
22-45-Vl. Ardennen,22,45,Vl. Ardennen,328.0
22-47-Vl. Ardennen,22,47,Vl. Ardennen,264.0
22-49-Vl. Ardennen,22,49,Vl. Ardennen,302.0
22-51-Vl. Ardennen,22,51,Vl. Ardennen,311.0
22-53-D01,22,53,D01,319.0
22-55-D01,22,55,D01,299.0
22-57-D01,22,57,D01,383.0
22-59-D01,22,59,D01,147.0
22-61-D01,22,61,D01,271.0
22-63-D01,22,63,D01,304.0
22-65-W.Vl.Heuvels,22,65,W.Vl.Heuvels,348.0
22-67-W.Vl.Heuvels,22,67,W.Vl.Heuvels,207.0
22-69-W.Vl.Heuvels,22,69,W.Vl.Heuvels,294.0
22-71-W.Vl.Heuvels,22,71,W.Vl.Heuvels,325.0
22-73-W.Vl.Heuvels,22,73,W.Vl.Heuvels,315.0
22-75-W.Vl.Heuvels,22,75,W.Vl.Heuvels,227.0
22-77-6VB1038,22,77,6VB1038,210.0
22-79-6VB1038,22,79,6VB1038,198.0
22-81-6VB1038,22,81,6VB1038,250.0
22-83-6VB1038,22,83,6VB1038,350.0
22-85-6VB1038,22,85,6VB1038,395.0
22-87-6VB1038,22,87,6VB1038,304.0
23-17-5VB1034,23,17,5VB1034,350.0
23-19-5VB1034,23,19,5VB1034,266.0
23-21-5VB1034,23,21,5VB1034,296.0
23-23-5VB1034,23,23,5VB1034,126.0
23-25-5VB1034,23,25,5VB1034,248.0
23-27-5VB1034,23,27,5VB1034,225.0
23-29-D04,23,29,D04,235.0
23-31-D04,23,31,D04,188.0
23-33-D04,23,33,D04,263.0
23-35-D04,23,35,D04,400.0
23-37-D04,23,37,D04,232.0
23-39-D04,23,39,D04,246.0
23-41-Vl. Ardennen,23,41,Vl. Ardennen,369.0
23-43-Vl. Ardennen,23,43,Vl. Ardennen,271.0
23-45-Vl. Ardennen,23,45,Vl. Ardennen,299.0
23-47-Vl. Ardennen,23,47,Vl. Ardennen,265.0
23-49-Vl. Ardennen,23,49,Vl. Ardennen,168.0
23-51-Vl. Ardennen,23,51,Vl. Ardennen,147.0
23-53-D01,23,53,D01,318.0
23-55-D01,23,55,D01,289.0
23-57-D01,23,57,D01,266.0
23-59-D01,23,59,D01,262.0
23-61-D01,23,61,D01,120.0
23-63-D01,23,63,D01,293.0
23-65-W.Vl.Heuvels,23,65,W.Vl.Heuvels,260.0
23-67-W.Vl.Heuvels,23,67,W.Vl.Heuvels,340.0
23-69-W.Vl.Heuvels,23,69,W.Vl.Heuvels,312.0
23-71-W.Vl.Heuvels,23,71,W.Vl.Heuvels,211.0
23-73-W.Vl.Heuvels,23,73,W.Vl.Heuvels,229.0
23-75-W.Vl.Heuvels,23,75,W.Vl.Heuvels,267.0
23-77-6VB1038,23,77,6VB1038,209.0
23-79-6VB1038,23,79,6VB1038,294.0
23-81-6VB1038,23,81,6VB1038,297.0
23-83-6VB1038,23,83,6VB1038,290.0
23-85-6VB1038,23,85,6VB1038,319.0
23-87-6VB1038,23,87,6VB1038,331.0
24-17-5VB1034,24,17,5VB1034,260.0
24-19-5VB1034,24,19,5VB1034,302.0
24-21-5VB1034,24,21,5VB1034,348.0
24-23-5VB1034,24,23,5VB1034,203.0
24-25-5VB1034,24,25,5VB1034,70.0
24-27-5VB1034,24,27,5VB1034,170.0
24-29-D04,24,29,D04,255.0
24-31-D04,24,31,D04,236.0
24-33-D04,24,33,D04,236.0
24-35-D04,24,35,D04,305.0
24-37-D04,24,37,D04,304.0
24-39-D04,24,39,D04,450.0
24-41-Vl. Ardennen,24,41,Vl. Ardennen,297.0
24-43-Vl. Ardennen,24,43,Vl. Ardennen,291.0
24-45-Vl. Ardennen,24,45,Vl. Ardennen,353.0
24-47-Vl. Ardennen,24,47,Vl. Ardennen,270.0
24-49-Vl. Ardennen,24,49,Vl. Ardennen,219.0
24-51-Vl. Ardennen,24,51,Vl. Ardennen,369.0
24-53-D01,24,53,D01,283.0
24-55-D01,24,55,D01,279.0
24-57-D01,24,57,D01,261.0
24-59-D01,24,59,D01,265.0
24-61-D01,24,61,D01,216.0
24-63-D01,24,63,D01,236.0
24-65-W.Vl.Heuvels,24,65,W.Vl.Heuvels,245.0
24-67-W.Vl.Heuvels,24,67,W.Vl.Heuvels,222.0
24-69-W.Vl.Heuvels,24,69,W.Vl.Heuvels,355.0
24-71-W.Vl.Heuvels,24,71,W.Vl.Heuvels,345.0
24-73-W.Vl.Heuvels,24,73,W.Vl.Heuvels,178.0
24-75-W.Vl.Heuvels,24,75,W.Vl.Heuvels,382.0
24-77-6VB1038,24,77,6VB1038,253.0
24-79-6VB1038,24,79,6VB1038,402.0
24-81-6VB1038,24,81,6VB1038,330.0
24-83-6VB1038,24,83,6VB1038,423.0
24-85-6VB1038,24,85,6VB1038,280.0
24-87-6VB1038,24,87,6VB1038,178.0
25-17-5VB1034,25,17,5VB1034,197.0
25-19-5VB1034,25,19,5VB1034,324.0
25-21-5VB1034,25,21,5VB1034,266.0
25-23-5VB1034,25,23,5VB1034,287.0
25-25-5VB1034,25,25,5VB1034,166.0
25-27-5VB1034,25,27,5VB1034,190.0
25-29-D04,25,29,D04,266.0
25-31-D04,25,31,D04,301.0
25-33-D04,25,33,D04,350.0
25-35-D04,25,35,D04,295.0
25-37-D04,25,37,D04,364.0
25-39-D04,25,39,D04,318.0
25-41-Vl. Ardennen,25,41,Vl. Ardennen,324.0
25-43-Vl. Ardennen,25,43,Vl. Ardennen,238.0
25-45-Vl. Ardennen,25,45,Vl. Ardennen,253.0
25-49-Vl. Ardennen,25,49,Vl. Ardennen,263.0
25-51-Vl. Ardennen,25,51,Vl. Ardennen,319.0
25-53-D01,25,53,D01,316.0
25-55-D01,25,55,D01,258.0
25-57-D01,25,57,D01,318.0
25-59-D01,25,59,D01,305.0
25-61-D01,25,61,D01,243.0
25-63-D01,25,63,D01,190.0
25-65-W.Vl.Heuvels,25,65,W.Vl.Heuvels,317.0
25-67-W.Vl.Heuvels,25,67,W.Vl.Heuvels,360.0
25-69-W.Vl.Heuvels,25,69,W.Vl.Heuvels,385.0
25-71-W.Vl.Heuvels,25,71,W.Vl.Heuvels,195.0
25-73-W.Vl.Heuvels,25,73,W.Vl.Heuvels,341.0
25-75-W.Vl.Heuvels,25,75,W.Vl.Heuvels,301.0
25-77-6VB1038,25,77,6VB1038,194.0
25-79-6VB1038,25,79,6VB1038,103.0
25-81-6VB1038,25,81,6VB1038,270.0
25-83-6VB1038,25,83,6VB1038,213.0
25-85-6VB1038,25,85,6VB1038,297.0
25-87-6VB1038,25,87,6VB1038,310.0
26-17-5VB1034,26,17,5VB1034,371.0
26-21-5VB1034,26,21,5VB1034,288.0
26-23-5VB1034,26,23,5VB1034,250.0
26-25-5VB1034,26,25,5VB1034,175.0
26-27-5VB1034,26,27,5VB1034,260.0
26-29-D04,26,29,D04,264.0
26-31-D04,26,31,D04,255.0
26-33-D04,26,33,D04,292.0
26-35-D04,26,35,D04,205.0
26-37-D04,26,37,D04,239.0
26-39-D04,26,39,D04,317.0
26-41-Vl. Ardennen,26,41,Vl. Ardennen,366.0
26-43-Vl. Ardennen,26,43,Vl. Ardennen,339.0
26-45-Vl. Ardennen,26,45,Vl. Ardennen,245.0
26-47-Vl. Ardennen,26,47,Vl. Ardennen,235.0
26-49-Vl. Ardennen,26,49,Vl. Ardennen,252.0
26-51-Vl. Ardennen,26,51,Vl. Ardennen,411.0
26-53-D01,26,53,D01,205.0
26-55-D01,26,55,D01,205.0
26-57-D01,26,57,D01,183.0
26-59-D01,26,59,D01,230.0
26-61-D01,26,61,D01,216.0
26-63-D01,26,63,D01,294.0
26-65-W.Vl.Heuvels,26,65,W.Vl.Heuvels,263.0
26-67-W.Vl.Heuvels,26,67,W.Vl.Heuvels,407.0
26-69-W.Vl.Heuvels,26,69,W.Vl.Heuvels,347.0
26-71-W.Vl.Heuvels,26,71,W.Vl.Heuvels,532.0
26-73-W.Vl.Heuvels,26,73,W.Vl.Heuvels,230.0
26-75-W.Vl.Heuvels,26,75,W.Vl.Heuvels,274.0
26-77-6VB1038,26,77,6VB1038,307.0
26-79-6VB1038,26,79,6VB1038,284.0
26-81-6VB1038,26,81,6VB1038,280.0
26-83-6VB1038,26,83,6VB1038,249.0
26-85-6VB1038,26,85,6VB1038,250.0
26-87-6VB1038,26,87,6VB1038,287.0
27-17-5VB1034,27,17,5VB1034,238.0
27-19-5VB1034,27,19,5VB1034,265.0
27-21-5VB1034,27,21,5VB1034,323.0
27-23-5VB1034,27,23,5VB1034,260.0
27-25-5VB1034,27,25,5VB1034,255.0
27-27-5VB1034,27,27,5VB1034,210.0
27-29-D04,27,29,D04,155.0
27-31-D04,27,31,D04,203.0
27-33-D04,27,33,D04,225.0
27-35-D04,27,35,D04,225.0
27-37-D04,27,37,D04,340.0
27-39-D04,27,39,D04,306.0
27-41-Vl. Ardennen,27,41,Vl. Ardennen,371.0
27-43-Vl. Ardennen,27,43,Vl. Ardennen,216.0
27-45-Vl. Ardennen,27,45,Vl. Ardennen,275.0
27-47-Vl. Ardennen,27,47,Vl. Ardennen,247.0
27-49-Vl. Ardennen,27,49,Vl. Ardennen,186.0
27-51-Vl. Ardennen,27,51,Vl. Ardennen,407.0
27-53-D01,27,53,D01,252.0
27-55-D01,27,55,D01,319.0
27-57-D01,27,57,D01,222.0
27-59-D01,27,59,D01,117.0
27-61-D01,27,61,D01,146.0
27-63-D01,27,63,D01,240.0
27-65-W.Vl.Heuvels,27,65,W.Vl.Heuvels,280.0
27-67-W.Vl.Heuvels,27,67,W.Vl.Heuvels,337.0
27-69-W.Vl.Heuvels,27,69,W.Vl.Heuvels,320.0
27-71-W.Vl.Heuvels,27,71,W.Vl.Heuvels,387.0
27-73-W.Vl.Heuvels,27,73,W.Vl.Heuvels,311.0
27-75-W.Vl.Heuvels,27,75,W.Vl.Heuvels,228.0
27-77-6VB1038,27,77,6VB1038,187.0
27-79-6VB1038,27,79,6VB1038,154.0
27-81-6VB1038,27,81,6VB1038,316.0
27-83-6VB1038,27,83,6VB1038,333.0
27-85-6VB1038,27,85,6VB1038,296.0
27-87-6VB1038,27,87,6VB1038,417.0
