4-7-5VB1034,4,7,5VB1034,5.0
4-13-Vl. Ardennen,4,13,Vl. Ardennen,7.5
4-15-Vl. Ardennen,4,15,Vl. Ardennen,7.5
4-17-Gr. corridor,4,17,Gr. corridor,7.5
4-19-Gr. corridor,4,19,Gr. corridor,6.5
4-23-Gr. corridor,4,23,Gr. corridor,3.5
4-29-5VB1051,4,29,5VB1051,6.5
4-31-5VB1051,4,31,5VB1051,4.0
4-33-5VB1051,4,33,5VB1051,3.0
4-35-5VB1051,4,35,5VB1051,3.0
4-37-5VB1051,4,37,5VB1051,13.5
4-39-5VB1051,4,39,5VB1051,12.5
4-53-5VB1034,4,53,5VB1034,7.5
4-55-5VB1034,4,55,5VB1034,3.0
4-59-5VB1034,4,59,5VB1034,5.0
4-61-5VB1034,4,61,5VB1034,9.0
4-63-5VB1034,4,63,5VB1034,2.0
4-65-D04,4,65,D04,5.0
4-69-D04,4,69,D04,2.0
4-71-D04,4,71,D04,3.5
4-73-D04,4,73,D04,3.0
4-75-D04,4,75,D04,4.5
4-77-Vl. Ardennen,4,77,Vl. Ardennen,1.0
4-83-Vl. Ardennen,4,83,Vl. Ardennen,3.0
4-85-Vl. Ardennen,4,85,Vl. Ardennen,12.0
4-87-Vl. Ardennen,4,87,Vl. Ardennen,6.5
5-7-Gr. corridor,5,7,Gr. corridor,1.0
5-11-Gr. corridor,5,11,Gr. corridor,1.0
5-13-Vl. Ardennen,5,13,Vl. Ardennen,8.5
5-15-Vl. Ardennen,5,15,Vl. Ardennen,4.0
5-17-gr. corridor,5,17,gr. corridor,10.5
5-19-gr. corridor,5,19,gr. corridor,6.5
5-21-gr. corridor,5,21,gr. corridor,6.0
5-23-gr. corridor,5,23,gr. corridor,6.0
5-25-gr. corridor,5,25,gr. corridor,6.0
5-29-5VB1051,5,29,5VB1051,6.0
5-31-5VB1051,5,31,5VB1051,4.5
5-33-5VB1051,5,33,5VB1051,3.5
5-35-5VB1051,5,35,5VB1051,2.5
5-37-5VB1051,5,37,5VB1051,13.5
5-39-5VB1051,5,39,5VB1051,8.0
5-53-5VB1034,5,53,5VB1034,5.0
5-55-5VB1034,5,55,5VB1034,5.0
5-57-5VB1034,5,57,5VB1034,5.0
5-59-5VB1034,5,59,5VB1034,5.5
5-61-5VB1034,5,61,5VB1034,5.5
5-65-D04,5,65,D04,7.0
5-69-D04,5,69,D04,6.5
5-71-D04,5,71,D04,5.0
5-77-Vl. Ardennen,5,77,Vl. Ardennen,1.0
5-79-Vl. Ardennen,5,79,Vl. Ardennen,1.0
5-83-Vl. Ardennen,5,83,Vl. Ardennen,4.5
5-85-Vl. Ardennen,5,85,Vl. Ardennen,4.5
5-87-Vl. Ardennen,5,87,Vl. Ardennen,3.0
6-7-?,6,7,?,4.5
6-9-?,6,9,?,7.0
6-11-?,6,11,?,3.5
6-17-Gr. corridor,6,17,Gr. corridor,9.0
6-19-Gr. corridor,6,19,Gr. corridor,3.5
6-21-Gr. corridor,6,21,Gr. corridor,7.0
6-23-Gr. corridor,6,23,Gr. corridor,8.5
6-25-Gr. corridor,6,25,Gr. corridor,3.0
6-27-Gr. corridor,6,27,Gr. corridor,2.5
6-29-5VB1051,6,29,5VB1051,3.0
6-33-5VB1051,6,33,5VB1051,2.5
6-35-5VB1051,6,35,5VB1051,7.0
6-39-5VB1051,6,39,5VB1051,6.5
6-53-5VB1034,6,53,5VB1034,6.5
6-55-5VB1034,6,55,5VB1034,6.5
6-57-5VB1034,6,57,5VB1034,4.0
6-61-5VB1034,6,61,5VB1034,2.0
6-63-5VB1034,6,63,5VB1034,5.0
6-65-D04,6,65,D04,11.0
6-67-D04,6,67,D04,4.5
6-69-D04,6,69,D04,5.0
6-71-D04,6,71,D04,2.0
6-73-D04,6,73,D04,5.0
6-75-D04,6,75,D04,1.5
6-77-Vl. Ardennen,6,77,Vl. Ardennen,7.0
6-79-Vl. Ardennen,6,79,Vl. Ardennen,6.0
6-81-Vl. Ardennen,6,81,Vl. Ardennen,0.5
6-85-Vl. Ardennen,6,85,Vl. Ardennen,7.5
6-87-Vl. Ardennen,6,87,Vl. Ardennen,7.0
7-7-Gr. corridor,7,7,Gr. corridor,5.0
7-11-Gr. corridor,7,11,Gr. corridor,3.5
7-13-?,7,13,?,5.5
7-15-Vl. Ardennen,7,15,Vl. Ardennen,3.0
7-17-gr. corridor,7,17,gr. corridor,10.0
7-19-gr. corridor,7,19,gr. corridor,8.0
7-21-gr. corridor,7,21,gr. corridor,7.5
7-23-gr. corridor,7,23,gr. corridor,6.0
7-27-gr. corridor,7,27,gr. corridor,7.0
7-29-5VB1051,7,29,5VB1051,1.5
7-33-5VB1051,7,33,5VB1051,5.5
7-35-5VB1051,7,35,5VB1051,4.0
7-37-5VB1051,7,37,5VB1051,4.0
7-39-5VB1051,7,39,5VB1051,8.0
7-53-5VB1034,7,53,5VB1034,3.0
7-55-5VB1034,7,55,5VB1034,7.0
7-57-5VB1034,7,57,5VB1034,5.5
7-59-5VB1034,7,59,5VB1034,4.0
7-61-5VB1034,7,61,5VB1034,3.5
7-63-5VB1034,7,63,5VB1034,5.0
7-65-D04,7,65,D04,5.0
7-67-D04,7,67,D04,3.5
7-69-D04,7,69,D04,4.0
7-71-D04,7,71,D04,2.0
7-73-D04,7,73,D04,4.5
7-77-Vl. Ardennen,7,77,Vl. Ardennen,2.5
7-79-Vl. Ardennen,7,79,Vl. Ardennen,1.5
7-81-Vl. Ardennen,7,81,Vl. Ardennen,3.0
7-83-Vl. Ardennen,7,83,Vl. Ardennen,2.5
7-85-Vl. Ardennen,7,85,Vl. Ardennen,8.5
7-87-Vl. Ardennen,7,87,Vl. Ardennen,6.0
8-7-?,8,7,?,7.0
8-9-?,8,9,?,3.5
8-11-Vl. Ardennen,8,11,Vl. Ardennen,3.5
8-13-Vl. Ardennen,8,13,Vl. Ardennen,2.5
8-15-Vl. Ardennen,8,15,Vl. Ardennen,2.5
8-17-Gr. corridor,8,17,Gr. corridor,9.5
8-19-Gr. corridor,8,19,Gr. corridor,9.5
8-21-Gr. corridor,8,21,Gr. corridor,11.0
8-23-Gr. corridor,8,23,Gr. corridor,5.0
8-25-Gr. corridor,8,25,Gr. corridor,4.5
8-27-Gr. corridor,8,27,Gr. corridor,3.5
8-29-5VB1051,8,29,5VB1051,1.0
8-31-5VB1051,8,31,5VB1051,4.5
8-33-5VB1051,8,33,5VB1051,8.5
8-35-5VB1051,8,35,5VB1051,5.5
8-37-5VB1051,8,37,5VB1051,7.0
8-39-5VB1051,8,39,5VB1051,6.0
8-53-5VB1034,8,53,5VB1034,9.5
8-55-5VB1034,8,55,5VB1034,6.0
8-57-5VB1034,8,57,5VB1034,3.0
8-59-5VB1034,8,59,5VB1034,5.0
8-61-5VB1034,8,61,5VB1034,3.0
8-63-5VB1034,8,63,5VB1034,6.0
8-65-D04,8,65,D04,9.0
8-69-D04,8,69,D04,5.0
8-73-D04,8,73,D04,0.5
8-81-Vl. Ardennen,8,81,Vl. Ardennen,0.5
8-83-Vl. Ardennen,8,83,Vl. Ardennen,6.0
8-85-Vl. Ardennen,8,85,Vl. Ardennen,4.0
8-87-Vl. Ardennen,8,87,Vl. Ardennen,7.5
9-5-Vl. Ardennen,9,5,Vl. Ardennen,2.0
9-7-Vl. Ardennen,9,7,Vl. Ardennen,1.0
9-9-Vl. Ardennen,9,9,Vl. Ardennen,2.0
9-11-Vl. Ardennen,9,11,Vl. Ardennen,7.5
9-13-Vl. Ardennen,9,13,Vl. Ardennen,10.0
9-15-Vl. Ardennen,9,15,Vl. Ardennen,7.5
9-17-gr. corridor,9,17,gr. corridor,9.5
9-19-gr. corridor,9,19,gr. corridor,7.0
9-21-gr. corridor,9,21,gr. corridor,4.0
9-23-gr. corridor,9,23,gr. corridor,4.0
9-25-gr. corridor,9,25,gr. corridor,6.0
9-27-gr. corridor,9,27,gr. corridor,7.0
9-31-5VB1051,9,31,5VB1051,9.0
9-33-5VB1051,9,33,5VB1051,1.5
9-35-5VB1051,9,35,5VB1051,4.5
9-37-5VB1051,9,37,5VB1051,6.0
9-39-5VB1051,9,39,5VB1051,11.5
9-53-5VB1034,9,53,5VB1034,2.5
9-55-5VB1034,9,55,5VB1034,13.0
9-57-5VB1034,9,57,5VB1034,5.0
9-59-5VB1034,9,59,5VB1034,4.0
9-61-5VB1034,9,61,5VB1034,4.0
9-63-5VB1034,9,63,5VB1034,1.5
9-65-D04,9,65,D04,7.0
9-67-D04,9,67,D04,4.0
9-69-D04,9,69,D04,4.5
9-71-D04,9,71,D04,5.0
9-73-D04,9,73,D04,1.5
9-75-D04,9,75,D04,6.0
9-77-Vl. Ardennen,9,77,Vl. Ardennen,5.5
9-81-Vl. Ardennen,9,81,Vl. Ardennen,10.5
9-83-Vl. Ardennen,9,83,Vl. Ardennen,9.5
9-85-Vl. Ardennen,9,85,Vl. Ardennen,9.0
9-87-Vl. Ardennen,9,87,Vl. Ardennen,7.0
10-5-D01,10,5,D01,7.0
10-7-D01,10,7,D01,6.0
10-9-D01,10,9,D01,8.5
10-11-D01,10,11,D01,5.0
10-13-D01,10,13,D01,6.0
10-15-D01,10,15,D01,0.5
10-17-W.Vl.Heuvels,10,17,W.Vl.Heuvels,3.0
10-19-W.Vl.Heuvels,10,19,W.Vl.Heuvels,4.5
10-21-W.Vl.Heuvels,10,21,W.Vl.Heuvels,10.0
10-23-W.Vl.Heuvels,10,23,W.Vl.Heuvels,9.5
10-25-W.Vl.Heuvels,10,25,W.Vl.Heuvels,5.5
10-27-W.Vl.Heuvels,10,27,W.Vl.Heuvels,7.0
10-29-6VB1038,10,29,6VB1038,4.0
10-31-6VB1038,10,31,6VB1038,3.0
10-33-6VB1038,10,33,6VB1038,12.5
10-35-6VB1038,10,35,6VB1038,4.5
10-37-6VB1038,10,37,6VB1038,3.0
10-39-6VB1038,10,39,6VB1038,0.5
10-41-Gr. corridor,10,41,Gr. corridor,5.0
10-43-Gr. corridor,10,43,Gr. corridor,7.5
10-45-Gr. corridor,10,45,Gr. corridor,1.0
10-47-Gr. corridor,10,47,Gr. corridor,7.0
10-49-Gr. corridor,10,49,Gr. corridor,9.0
10-51-Gr. corridor,10,51,Gr. corridor,6.0
10-53-5VB1051,10,53,5VB1051,7.5
10-55-5VB1051,10,55,5VB1051,8.5
10-57-5VB1051,10,57,5VB1051,2.0
10-59-5VB1051,10,59,5VB1051,6.5
10-61-5VB1051,10,61,5VB1051,6.5
10-63-5VB1051,10,63,5VB1051,10.0
10-77-5VB1034,10,77,5VB1034,5.0
10-79-5VB1034,10,79,5VB1034,4.5
10-81-5VB1034,10,81,5VB1034,7.5
10-83-5VB1034,10,83,5VB1034,6.5
10-85-5VB1034,10,85,5VB1034,4.0
10-87-5VB1034,10,87,5VB1034,4.0
11-5-D01,11,5,D01,3.5
11-7-D01,11,7,D01,5.5
11-9-D01,11,9,D01,5.0
11-11-D01,11,11,D01,5.0
11-13-D01,11,13,D01,8.5
11-15-D01,11,15,D01,8.5
11-17-W.Vl.Heuvels,11,17,W.Vl.Heuvels,8.5
11-19-W.Vl.Heuvels,11,19,W.Vl.Heuvels,8.0
11-21-W.Vl.Heuvels,11,21,W.Vl.Heuvels,8.0
11-23-W.Vl.Heuvels,11,23,W.Vl.Heuvels,5.0
11-25-W.Vl.Heuvels,11,25,W.Vl.Heuvels,5.5
11-27-W.Vl.Heuvels,11,27,W.Vl.Heuvels,6.5
11-29-6VB1038,11,29,6VB1038,3.5
11-31-6VB1038,11,31,6VB1038,5.0
11-33-6VB1038,11,33,6VB1038,5.0
11-35-6VB1038,11,35,6VB1038,7.5
11-37-6VB1038,11,37,6VB1038,5.0
11-39-6VB1038,11,39,6VB1038,3.0
11-41-gr. corridor,11,41,gr. corridor,3.5
11-45-gr. corridor,11,45,gr. corridor,2.5
11-47-gr. corridor,11,47,gr. corridor,1.5
11-49-gr. corridor,11,49,gr. corridor,4.5
11-53-5VB1051,11,53,5VB1051,2.5
11-55-5VB1051,11,55,5VB1051,3.0
11-59-5VB1051,11,59,5VB1051,1.5
11-61-5VB1051,11,61,5VB1051,7.0
11-63-5VB1051,11,63,5VB1051,8.0
11-77-5VB1034,11,77,5VB1034,9.5
11-79-5VB1034,11,79,5VB1034,3.5
11-81-5VB1034,11,81,5VB1034,8.0
11-83-5VB1034,11,83,5VB1034,6.5
11-85-5VB1034,11,85,5VB1034,9.5
11-87-5VB1034,11,87,5VB1034,9.0
12-5-D01,12,5,D01,4.0
12-7-D01,12,7,D01,4.5
12-9-D01,12,9,D01,9.5
12-11-D01,12,11,D01,9.0
12-13-D01,12,13,D01,10.0
12-15-D01,12,15,D01,8.0
12-17-W.Vl.Heuvels,12,17,W.Vl.Heuvels,7.0
12-19-W.Vl.Heuvels,12,19,W.Vl.Heuvels,6.5
12-21-W.Vl.Heuvels,12,21,W.Vl.Heuvels,6.5
12-23-W.Vl.Heuvels,12,23,W.Vl.Heuvels,8.0
12-25-W.Vl.Heuvels,12,25,W.Vl.Heuvels,8.0
12-27-W.Vl.Heuvels,12,27,W.Vl.Heuvels,3.5
12-29-6VB1038,12,29,6VB1038,7.0
12-31-6VB1038,12,31,6VB1038,7.0
12-33-6VB1038,12,33,6VB1038,5.0
12-35-6VB1038,12,35,6VB1038,3.5
12-37-6VB1038,12,37,6VB1038,0.5
12-39-6VB1038,12,39,6VB1038,2.0
12-41-Gr. corridor,12,41,Gr. corridor,1.0
12-45-Gr. corridor,12,45,Gr. corridor,4.0
12-47-Gr. corridor,12,47,Gr. corridor,1.0
12-49-Gr. corridor,12,49,Gr. corridor,1.5
12-51-Gr. corridor,12,51,Gr. corridor,5.5
12-55-5VB1051,12,55,5VB1051,4.5
12-57-5VB1051,12,57,5VB1051,2.5
12-59-5VB1051,12,59,5VB1051,4.0
12-61-5VB1051,12,61,5VB1051,7.0
12-63-5VB1051,12,63,5VB1051,5.0
12-77-5VB1034,12,77,5VB1034,6.5
12-79-5VB1034,12,79,5VB1034,9.0
12-81-5VB1034,12,81,5VB1034,12.0
12-83-5VB1034,12,83,5VB1034,7.5
12-85-5VB1034,12,85,5VB1034,11.5
12-87-5VB1034,12,87,5VB1034,10.5
13-5-D01,13,5,D01,5.5
13-7-D01,13,7,D01,3.0
13-9-D01,13,9,D01,7.5
13-11-D01,13,11,D01,10.0
13-13-D01,13,13,D01,1.0
13-15-D01,13,15,D01,10.0
13-17-W.Vl.Heuvels,13,17,W.Vl.Heuvels,9.5
13-19-W.Vl.Heuvels,13,19,W.Vl.Heuvels,9.0
13-21-W.Vl.Heuvels,13,21,W.Vl.Heuvels,2.0
13-23-W.Vl.Heuvels,13,23,W.Vl.Heuvels,6.0
13-25-W.Vl.Heuvels,13,25,W.Vl.Heuvels,4.5
13-27-W.Vl.Heuvels,13,27,W.Vl.Heuvels,1.5
13-29-6VB1038,13,29,6VB1038,5.5
13-31-6VB1038,13,31,6VB1038,3.0
13-33-6VB1038,13,33,6VB1038,1.0
13-35-6VB1038,13,35,6VB1038,8.0
13-39-6VB1038,13,39,6VB1038,4.5
13-41-gr. corridor,13,41,gr. corridor,9.0
13-43-gr. corridor,13,43,gr. corridor,5.0
13-45-gr. corridor,13,45,gr. corridor,3.5
13-49-gr. corridor,13,49,gr. corridor,10.5
13-51-gr. corridor,13,51,gr. corridor,10.0
13-53-5VB1051,13,53,5VB1051,8.0
13-55-5VB1051,13,55,5VB1051,5.0
13-59-5VB1051,13,59,5VB1051,6.0
13-61-5VB1051,13,61,5VB1051,2.5
13-63-5VB1051,13,63,5VB1051,11.5
13-77-5VB1034,13,77,5VB1034,8.5
13-79-5VB1034,13,79,5VB1034,6.0
13-81-5VB1034,13,81,5VB1034,5.5
13-83-5VB1034,13,83,5VB1034,5.5
13-85-5VB1034,13,85,5VB1034,8.0
13-87-5VB1034,13,87,5VB1034,11.0
14-5-D01,14,5,D01,4.5
14-7-D01,14,7,D01,3.5
14-9-D01,14,9,D01,6.5
14-11-D01,14,11,D01,8.5
14-13-D01,14,13,D01,9.5
14-15-D01,14,15,D01,12.0
14-17-W.Vl.Heuvels,14,17,W.Vl.Heuvels,13.0
14-19-W.Vl.Heuvels,14,19,W.Vl.Heuvels,12.0
14-21-W.Vl.Heuvels,14,21,W.Vl.Heuvels,7.0
14-23-W.Vl.Heuvels,14,23,W.Vl.Heuvels,6.0
14-25-W.Vl.Heuvels,14,25,W.Vl.Heuvels,4.0
14-27-W.Vl.Heuvels,14,27,W.Vl.Heuvels,5.0
14-29-6VB1038,14,29,6VB1038,0.5
14-31-6VB1038,14,31,6VB1038,4.5
14-33-6VB1038,14,33,6VB1038,0.5
14-35-6VB1038,14,35,6VB1038,5.0
14-37-6VB1038,14,37,6VB1038,0.5
14-39-6VB1038,14,39,6VB1038,6.5
14-41-Gr. corridor,14,41,Gr. corridor,8.5
14-43-Gr. corridor,14,43,Gr. corridor,2.5
14-45-Gr. corridor,14,45,Gr. corridor,4.0
14-47-Gr. corridor,14,47,Gr. corridor,6.0
14-49-Gr. corridor,14,49,Gr. corridor,9.5
14-51-Gr. corridor,14,51,Gr. corridor,7.0
14-53-5VB1051,14,53,5VB1051,9.0
14-55-5VB1051,14,55,5VB1051,8.5
14-57-5VB1051,14,57,5VB1051,9.0
14-59-5VB1051,14,59,5VB1051,8.5
14-61-5VB1051,14,61,5VB1051,1.0
14-63-5VB1051,14,63,5VB1051,6.5
14-77-5VB1034,14,77,5VB1034,7.0
14-79-5VB1034,14,79,5VB1034,0.5
14-81-5VB1034,14,81,5VB1034,11.0
14-83-5VB1034,14,83,5VB1034,8.0
14-85-5VB1034,14,85,5VB1034,13.0
14-87-5VB1034,14,87,5VB1034,11.0
15-5-D01,15,5,D01,2.5
15-9-D01,15,9,D01,5.5
15-11-D01,15,11,D01,6.0
15-15-D01,15,15,D01,3.5
15-17-W.Vl.Heuvels,15,17,W.Vl.Heuvels,2.5
15-19-W.Vl.Heuvels,15,19,W.Vl.Heuvels,6.5
15-21-W.Vl.Heuvels,15,21,W.Vl.Heuvels,5.0
15-23-W.Vl.Heuvels,15,23,W.Vl.Heuvels,6.0
15-25-W.Vl.Heuvels,15,25,W.Vl.Heuvels,8.0
15-27-W.Vl.Heuvels,15,27,W.Vl.Heuvels,0.5
15-29-6VB1038,15,29,6VB1038,0.5
15-33-6VB1038,15,33,6VB1038,0.5
15-35-6VB1038,15,35,6VB1038,0.5
15-37-6VB1038,15,37,6VB1038,2.0
15-39-6VB1038,15,39,6VB1038,4.5
15-41-gr. corridor,15,41,gr. corridor,7.0
15-43-gr. corridor,15,43,gr. corridor,10.0
15-45-gr. corridor,15,45,gr. corridor,5.5
15-47-gr. corridor,15,47,gr. corridor,10.5
15-49-gr. corridor,15,49,gr. corridor,6.5
15-51-gr. corridor,15,51,gr. corridor,8.0
15-53-5VB1051,15,53,5VB1051,7.5
15-55-5VB1051,15,55,5VB1051,5.0
15-57-5VB1051,15,57,5VB1051,7.5
15-59-5VB1051,15,59,5VB1051,4.0
15-61-5VB1051,15,61,5VB1051,11.0
15-63-5VB1051,15,63,5VB1051,4.0
15-77-5VB1034,15,77,5VB1034,8.0
15-79-5VB1034,15,79,5VB1034,3.0
15-81-5VB1034,15,81,5VB1034,8.0
15-85-5VB1034,15,85,5VB1034,7.5
15-87-5VB1034,15,87,5VB1034,7.0
16-7-D04,16,7,D04,1.5
16-9-D04,16,9,D04,11.0
16-11-D04,16,11,D04,8.0
16-13-D04,16,13,D04,9.5
16-15-D04,16,15,D04,8.0
16-17-Vl. Ardennen,16,17,Vl. Ardennen,7.0
16-19-Vl. Ardennen,16,19,Vl. Ardennen,2.5
16-21-Vl. Ardennen,16,21,Vl. Ardennen,9.5
16-23-Vl. Ardennen,16,23,Vl. Ardennen,9.0
16-25-Vl. Ardennen,16,25,Vl. Ardennen,6.5
16-27-Vl. Ardennen,16,27,Vl. Ardennen,0.5
16-29-D01,16,29,D01,2.5
16-31-D01,16,31,D01,0.5
16-33-D01,16,33,D01,0.5
16-35-D01,16,35,D01,4.0
16-37-D01,16,37,D01,5.0
16-39-D01,16,39,D01,3.0
16-41-W.Vl.Heuvels,16,41,W.Vl.Heuvels,4.5
16-43-W.Vl.Heuvels,16,43,W.Vl.Heuvels,0.5
16-45-W.Vl.Heuvels,16,45,W.Vl.Heuvels,7.5
16-47-W.Vl.Heuvels,16,47,W.Vl.Heuvels,4.0
16-49-W.Vl.Heuvels,16,49,W.Vl.Heuvels,11.0
16-51-W.Vl.Heuvels,16,51,W.Vl.Heuvels,7.0
16-53-6VB1038,16,53,6VB1038,10.5
16-55-6VB1038,16,55,6VB1038,10.0
16-57-6VB1038,16,57,6VB1038,10.0
16-59-6VB1038,16,59,6VB1038,6.5
16-61-6VB1038,16,61,6VB1038,8.5
16-63-6VB1038,16,63,6VB1038,7.0
16-65-Gr. corridor,16,65,Gr. corridor,7.0
16-67-Gr. corridor,16,67,Gr. corridor,7.0
16-69-Gr. corridor,16,69,Gr. corridor,3.0
16-71-Gr. corridor,16,71,Gr. corridor,7.5
16-73-Gr. corridor,16,73,Gr. corridor,6.0
16-75-Gr. corridor,16,75,Gr. corridor,5.5
16-77-5VB1051,16,77,5VB1051,8.0
16-79-5VB1051,16,79,5VB1051,2.5
16-81-5VB1051,16,81,5VB1051,3.0
16-83-5VB1051,16,83,5VB1051,6.0
16-85-5VB1051,16,85,5VB1051,12.0
16-87-5VB1051,16,87,5VB1051,12.0
17-7-D04,17,7,D04,1.5
17-9-D04,17,9,D04,8.0
17-15-D04,17,15,D04,5.0
17-17-Vl. Ardennen,17,17,Vl. Ardennen,3.5
17-19-Vl. Ardennen,17,19,Vl. Ardennen,7.5
17-21-Vl. Ardennen,17,21,Vl. Ardennen,7.0
17-23-Vl. Ardennen,17,23,Vl. Ardennen,7.5
17-25-Vl. Ardennen,17,25,Vl. Ardennen,4.5
17-27-Vl. Ardennen,17,27,Vl. Ardennen,3.0
17-29-D01,17,29,D01,3.0
17-31-D01,17,31,D01,5.5
17-33-D01,17,33,D01,8.0
17-35-D01,17,35,D01,7.0
17-37-D01,17,37,D01,6.5
17-39-D01,17,39,D01,7.0
17-41-W.Vl.Heuvels,17,41,W.Vl.Heuvels,5.0
17-43-W.Vl.Heuvels,17,43,W.Vl.Heuvels,6.5
17-45-W.Vl.Heuvels,17,45,W.Vl.Heuvels,4.5
17-47-W.Vl.Heuvels,17,47,W.Vl.Heuvels,3.0
17-49-W.Vl.Heuvels,17,49,W.Vl.Heuvels,10.5
17-51-W.Vl.Heuvels,17,51,W.Vl.Heuvels,4.5
17-53-6VB1038,17,53,6VB1038,10.5
17-55-6VB1038,17,55,6VB1038,10.0
17-57-6VB1038,17,57,6VB1038,4.0
17-59-6VB1038,17,59,6VB1038,3.5
17-61-6VB1038,17,61,6VB1038,7.5
17-63-6VB1038,17,63,6VB1038,6.0
17-65-gr. corridor,17,65,gr. corridor,4.5
17-67-gr. corridor,17,67,gr. corridor,6.0
17-69-gr. corridor,17,69,gr. corridor,3.5
17-71-gr. corridor,17,71,gr. corridor,4.0
17-73-gr. corridor,17,73,gr. corridor,5.0
17-75-gr. corridor,17,75,gr. corridor,2.0
17-77-5VB1051,17,77,5VB1051,5.0
17-79-5VB1051,17,79,5VB1051,6.5
17-81-5VB1051,17,81,5VB1051,7.5
17-83-5VB1051,17,83,5VB1051,0.5
17-85-5VB1051,17,85,5VB1051,10.0
17-87-5VB1051,17,87,5VB1051,3.0
18-5-D04,18,5,D04,5.0
18-7-D04,18,7,D04,8.0
18-9-D04,18,9,D04,8.0
18-11-D04,18,11,D04,6.5
18-13-D04,18,13,D04,7.0
18-15-D04,18,15,D04,5.0
18-17-Vl. Ardennen,18,17,Vl. Ardennen,0.5
18-19-Vl. Ardennen,18,19,Vl. Ardennen,5.5
18-21-Vl. Ardennen,18,21,Vl. Ardennen,3.5
18-23-Vl. Ardennen,18,23,Vl. Ardennen,7.0
18-27-Vl. Ardennen,18,27,Vl. Ardennen,8.0
18-29-D01,18,29,D01,6.0
18-33-D01,18,33,D01,6.0
18-35-D01,18,35,D01,6.5
18-37-D01,18,37,D01,9.0
18-39-D01,18,39,D01,7.5
18-41-W.Vl.Heuvels,18,41,W.Vl.Heuvels,11.0
18-43-W.Vl.Heuvels,18,43,W.Vl.Heuvels,9.0
18-45-W.Vl.Heuvels,18,45,W.Vl.Heuvels,14.5
18-47-W.Vl.Heuvels,18,47,W.Vl.Heuvels,7.0
18-49-W.Vl.Heuvels,18,49,W.Vl.Heuvels,6.5
18-51-W.Vl.Heuvels,18,51,W.Vl.Heuvels,10.0
18-53-6VB1038,18,53,6VB1038,8.0
18-55-6VB1038,18,55,6VB1038,7.5
18-57-6VB1038,18,57,6VB1038,4.0
18-59-6VB1038,18,59,6VB1038,8.0
18-61-6VB1038,18,61,6VB1038,4.0
18-65-Gr. corridor,18,65,Gr. corridor,3.5
18-67-Gr. corridor,18,67,Gr. corridor,6.0
18-69-Gr. corridor,18,69,Gr. corridor,1.0
18-71-Gr. corridor,18,71,Gr. corridor,6.0
18-73-Gr. corridor,18,73,Gr. corridor,0.5
18-75-Gr. corridor,18,75,Gr. corridor,7.5
18-77-5VB1051,18,77,5VB1051,1.0
18-79-5VB1051,18,79,5VB1051,9.0
18-81-5VB1051,18,81,5VB1051,7.0
18-83-5VB1051,18,83,5VB1051,7.0
18-85-5VB1051,18,85,5VB1051,12.5
18-87-5VB1051,18,87,5VB1051,8.0
19-5-D04,19,5,D04,4.5
19-7-D04,19,7,D04,5.5
19-9-D04,19,9,D04,6.5
19-11-D04,19,11,D04,2.0
19-13-D04,19,13,D04,7.0
19-15-D04,19,15,D04,5.5
19-17-Vl. Ardennen,19,17,Vl. Ardennen,8.0
19-19-Vl. Ardennen,19,19,Vl. Ardennen,6.0
19-21-Vl. Ardennen,19,21,Vl. Ardennen,8.5
19-23-Vl. Ardennen,19,23,Vl. Ardennen,5.5
19-25-Vl. Ardennen,19,25,Vl. Ardennen,2.0
19-27-Vl. Ardennen,19,27,Vl. Ardennen,2.5
19-29-D01,19,29,D01,8.0
19-31-D01,19,31,D01,1.5
19-35-D01,19,35,D01,5.5
19-37-D01,19,37,D01,2.0
19-39-D01,19,39,D01,9.0
19-41-W.Vl.Heuvels,19,41,W.Vl.Heuvels,8.0
19-43-W.Vl.Heuvels,19,43,W.Vl.Heuvels,8.0
19-45-W.Vl.Heuvels,19,45,W.Vl.Heuvels,9.5
19-47-W.Vl.Heuvels,19,47,W.Vl.Heuvels,9.5
19-49-W.Vl.Heuvels,19,49,W.Vl.Heuvels,3.5
19-51-W.Vl.Heuvels,19,51,W.Vl.Heuvels,4.5
19-53-6VB1038,19,53,6VB1038,6.0
19-55-6VB1038,19,55,6VB1038,6.0
19-57-6VB1038,19,57,6VB1038,9.5
19-59-6VB1038,19,59,6VB1038,4.5
19-61-6VB1038,19,61,6VB1038,6.0
19-63-6VB1038,19,63,6VB1038,6.0
19-67-gr. corridor,19,67,gr. corridor,5.0
19-71-gr. corridor,19,71,gr. corridor,4.0
19-73-gr. corridor,19,73,gr. corridor,3.5
19-75-gr. corridor,19,75,gr. corridor,4.0
19-77-5VB1051,19,77,5VB1051,1.5
19-79-5VB1051,19,79,5VB1051,8.5
19-81-5VB1051,19,81,5VB1051,5.0
19-83-5VB1051,19,83,5VB1051,13.0
19-85-5VB1051,19,85,5VB1051,3.5
19-87-5VB1051,19,87,5VB1051,3.5
20-5-D04,20,5,D04,5.0
20-7-D04,20,7,D04,3.5
20-9-D04,20,9,D04,6.5
20-11-D04,20,11,D04,9.5
20-13-D04,20,13,D04,5.5
20-15-D04,20,15,D04,3.5
20-17-Vl. Ardennen,20,17,Vl. Ardennen,7.5
20-19-Vl. Ardennen,20,19,Vl. Ardennen,10.0
20-21-Vl. Ardennen,20,21,Vl. Ardennen,5.5
20-23-Vl. Ardennen,20,23,Vl. Ardennen,5.5
20-25-Vl. Ardennen,20,25,Vl. Ardennen,11.0
20-27-Vl. Ardennen,20,27,Vl. Ardennen,7.5
20-29-D01,20,29,D01,3.0
20-31-D01,20,31,D01,5.5
20-33-D01,20,33,D01,8.0
20-35-D01,20,35,D01,4.0
20-37-D01,20,37,D01,7.5
20-39-D01,20,39,D01,11.5
20-41-W.Vl.Heuvels,20,41,W.Vl.Heuvels,7.0
20-43-W.Vl.Heuvels,20,43,W.Vl.Heuvels,5.0
20-45-W.Vl.Heuvels,20,45,W.Vl.Heuvels,9.5
20-47-W.Vl.Heuvels,20,47,W.Vl.Heuvels,4.5
20-49-W.Vl.Heuvels,20,49,W.Vl.Heuvels,7.5
20-51-W.Vl.Heuvels,20,51,W.Vl.Heuvels,8.0
20-53-6VB1038,20,53,6VB1038,12.0
20-55-6VB1038,20,55,6VB1038,10.0
20-57-6VB1038,20,57,6VB1038,8.5
20-59-6VB1038,20,59,6VB1038,9.0
20-61-6VB1038,20,61,6VB1038,9.0
20-63-6VB1038,20,63,6VB1038,9.0
20-65-Gr. corridor,20,65,Gr. corridor,4.0
20-67-Gr. corridor,20,67,Gr. corridor,6.5
20-69-Gr. corridor,20,69,Gr. corridor,6.5
20-71-Gr. corridor,20,71,Gr. corridor,6.5
20-73-Gr. corridor,20,73,Gr. corridor,8.5
20-75-Gr. corridor,20,75,Gr. corridor,3.5
20-77-5VB1051,20,77,5VB1051,8.0
20-79-5VB1051,20,79,5VB1051,5.0
20-81-5VB1051,20,81,5VB1051,11.0
20-83-5VB1051,20,83,5VB1051,7.5
20-85-5VB1051,20,85,5VB1051,14.5
20-87-5VB1051,20,87,5VB1051,9.0
21-5-D04,21,5,D04,10.0
21-7-D04,21,7,D04,3.0
21-9-D04,21,9,D04,7.5
21-11-D04,21,11,D04,10.5
21-13-D04,21,13,D04,5.0
21-15-D04,21,15,D04,8.5
21-17-Vl. Ardennen,21,17,Vl. Ardennen,6.5
21-19-Vl. Ardennen,21,19,Vl. Ardennen,5.0
21-21-Vl. Ardennen,21,21,Vl. Ardennen,8.0
21-23-Vl. Ardennen,21,23,Vl. Ardennen,12.0
21-25-Vl. Ardennen,21,25,Vl. Ardennen,2.5
21-27-Vl. Ardennen,21,27,Vl. Ardennen,1.5
21-29-D01,21,29,D01,3.0
21-33-D01,21,33,D01,4.0
21-35-D01,21,35,D01,7.5
21-39-D01,21,39,D01,7.5
21-41-W.Vl.Heuvels,21,41,W.Vl.Heuvels,3.0
21-43-W.Vl.Heuvels,21,43,W.Vl.Heuvels,9.0
21-45-W.Vl.Heuvels,21,45,W.Vl.Heuvels,7.5
21-47-W.Vl.Heuvels,21,47,W.Vl.Heuvels,9.0
21-49-W.Vl.Heuvels,21,49,W.Vl.Heuvels,8.5
21-51-W.Vl.Heuvels,21,51,W.Vl.Heuvels,7.5
21-53-6VB1038,21,53,6VB1038,14.0
21-55-6VB1038,21,55,6VB1038,6.0
21-57-6VB1038,21,57,6VB1038,7.0
21-59-6VB1038,21,59,6VB1038,9.0
21-61-6VB1038,21,61,6VB1038,8.0
21-63-6VB1038,21,63,6VB1038,7.0
21-65-gr. corridor,21,65,gr. corridor,7.0
21-67-gr. corridor,21,67,gr. corridor,4.5
21-69-gr. corridor,21,69,gr. corridor,7.0
21-71-gr. corridor,21,71,gr. corridor,2.0
21-73-gr. corridor,21,73,gr. corridor,5.5
21-75-gr. corridor,21,75,gr. corridor,7.5
21-77-5VB1051,21,77,5VB1051,9.0
21-79-5VB1051,21,79,5VB1051,2.5
21-81-5VB1051,21,81,5VB1051,5.5
21-83-5VB1051,21,83,5VB1051,9.5
21-85-5VB1051,21,85,5VB1051,12.5
21-87-5VB1051,21,87,5VB1051,9.0
22-17-5VB1034,22,17,5VB1034,6.0
22-19-5VB1034,22,19,5VB1034,7.0
22-21-5VB1034,22,21,5VB1034,5.0
22-23-5VB1034,22,23,5VB1034,13.0
22-25-5VB1034,22,25,5VB1034,6.5
22-27-5VB1034,22,27,5VB1034,0.5
22-29-D04,22,29,D04,4.0
22-31-D04,22,31,D04,3.5
22-33-D04,22,33,D04,6.0
22-35-D04,22,35,D04,9.0
22-37-D04,22,37,D04,5.5
22-39-D04,22,39,D04,8.5
22-41-Vl. Ardennen,22,41,Vl. Ardennen,6.0
22-43-Vl. Ardennen,22,43,Vl. Ardennen,10.0
22-45-Vl. Ardennen,22,45,Vl. Ardennen,9.5
22-47-Vl. Ardennen,22,47,Vl. Ardennen,6.5
22-49-Vl. Ardennen,22,49,Vl. Ardennen,9.0
22-51-Vl. Ardennen,22,51,Vl. Ardennen,7.5
22-53-D01,22,53,D01,12.5
22-55-D01,22,55,D01,9.0
22-57-D01,22,57,D01,9.0
22-59-D01,22,59,D01,2.0
22-61-D01,22,61,D01,7.0
22-63-D01,22,63,D01,6.5
22-65-W.Vl.Heuvels,22,65,W.Vl.Heuvels,11.0
22-67-W.Vl.Heuvels,22,67,W.Vl.Heuvels,5.5
22-69-W.Vl.Heuvels,22,69,W.Vl.Heuvels,12.0
22-71-W.Vl.Heuvels,22,71,W.Vl.Heuvels,7.5
22-73-W.Vl.Heuvels,22,73,W.Vl.Heuvels,10.0
22-75-W.Vl.Heuvels,22,75,W.Vl.Heuvels,5.0
22-77-6VB1038,22,77,6VB1038,6.0
22-79-6VB1038,22,79,6VB1038,3.5
22-81-6VB1038,22,81,6VB1038,7.0
22-83-6VB1038,22,83,6VB1038,11.0
22-85-6VB1038,22,85,6VB1038,10.0
22-87-6VB1038,22,87,6VB1038,7.5
23-17-5VB1034,23,17,5VB1034,9.0
23-19-5VB1034,23,19,5VB1034,7.0
23-21-5VB1034,23,21,5VB1034,9.5
23-23-5VB1034,23,23,5VB1034,0.5
23-25-5VB1034,23,25,5VB1034,6.0
23-27-5VB1034,23,27,5VB1034,5.0
23-29-D04,23,29,D04,6.5
23-31-D04,23,31,D04,5.0
23-33-D04,23,33,D04,8.0
23-35-D04,23,35,D04,6.5
23-37-D04,23,37,D04,6.0
23-39-D04,23,39,D04,8.0
23-41-Vl. Ardennen,23,41,Vl. Ardennen,14.5
23-43-Vl. Ardennen,23,43,Vl. Ardennen,9.0
23-45-Vl. Ardennen,23,45,Vl. Ardennen,9.0
23-47-Vl. Ardennen,23,47,Vl. Ardennen,8.0
23-49-Vl. Ardennen,23,49,Vl. Ardennen,4.5
23-51-Vl. Ardennen,23,51,Vl. Ardennen,1.5
23-53-D01,23,53,D01,8.5
23-55-D01,23,55,D01,6.5
23-57-D01,23,57,D01,7.0
23-59-D01,23,59,D01,6.0
23-61-D01,23,61,D01,0.5
23-63-D01,23,63,D01,8.0
23-65-W.Vl.Heuvels,23,65,W.Vl.Heuvels,7.0
23-67-W.Vl.Heuvels,23,67,W.Vl.Heuvels,8.0
23-69-W.Vl.Heuvels,23,69,W.Vl.Heuvels,7.0
23-71-W.Vl.Heuvels,23,71,W.Vl.Heuvels,4.0
23-73-W.Vl.Heuvels,23,73,W.Vl.Heuvels,6.5
23-75-W.Vl.Heuvels,23,75,W.Vl.Heuvels,9.0
23-77-6VB1038,23,77,6VB1038,4.5
23-79-6VB1038,23,79,6VB1038,7.5
23-81-6VB1038,23,81,6VB1038,9.0
23-83-6VB1038,23,83,6VB1038,5.5
23-85-6VB1038,23,85,6VB1038,11.0
23-87-6VB1038,23,87,6VB1038,12.0
24-17-5VB1034,24,17,5VB1034,6.5
24-19-5VB1034,24,19,5VB1034,7.0
24-21-5VB1034,24,21,5VB1034,7.5
24-23-5VB1034,24,23,5VB1034,3.5
24-27-5VB1034,24,27,5VB1034,3.5
24-29-D04,24,29,D04,5.5
24-31-D04,24,31,D04,11.0
24-33-D04,24,33,D04,5.5
24-35-D04,24,35,D04,7.5
24-37-D04,24,37,D04,6.0
24-39-D04,24,39,D04,12.5
24-41-Vl. Ardennen,24,41,Vl. Ardennen,7.0
24-43-Vl. Ardennen,24,43,Vl. Ardennen,6.0
24-45-Vl. Ardennen,24,45,Vl. Ardennen,6.5
24-47-Vl. Ardennen,24,47,Vl. Ardennen,7.0
24-49-Vl. Ardennen,24,49,Vl. Ardennen,5.5
24-51-Vl. Ardennen,24,51,Vl. Ardennen,11.5
24-53-D01,24,53,D01,6.5
24-55-D01,24,55,D01,7.5
24-57-D01,24,57,D01,5.0
24-59-D01,24,59,D01,7.0
24-61-D01,24,61,D01,5.0
24-63-D01,24,63,D01,5.5
24-65-W.Vl.Heuvels,24,65,W.Vl.Heuvels,9.0
24-67-W.Vl.Heuvels,24,67,W.Vl.Heuvels,5.0
24-69-W.Vl.Heuvels,24,69,W.Vl.Heuvels,9.0
24-71-W.Vl.Heuvels,24,71,W.Vl.Heuvels,11.5
24-73-W.Vl.Heuvels,24,73,W.Vl.Heuvels,3.5
24-75-W.Vl.Heuvels,24,75,W.Vl.Heuvels,10.0
24-77-6VB1038,24,77,6VB1038,4.5
24-79-6VB1038,24,79,6VB1038,10.5
24-81-6VB1038,24,81,6VB1038,9.0
24-83-6VB1038,24,83,6VB1038,13.0
24-85-6VB1038,24,85,6VB1038,8.0
24-87-6VB1038,24,87,6VB1038,2.5
25-17-5VB1034,25,17,5VB1034,3.0
25-19-5VB1034,25,19,5VB1034,8.0
25-21-5VB1034,25,21,5VB1034,6.0
25-23-5VB1034,25,23,5VB1034,6.0
25-25-5VB1034,25,25,5VB1034,2.0
25-29-D04,25,29,D04,6.0
25-31-D04,25,31,D04,10.5
25-33-D04,25,33,D04,9.0
25-35-D04,25,35,D04,5.5
25-37-D04,25,37,D04,13.0
25-39-D04,25,39,D04,10.0
25-41-Vl. Ardennen,25,41,Vl. Ardennen,10.0
25-43-Vl. Ardennen,25,43,Vl. Ardennen,6.0
25-45-Vl. Ardennen,25,45,Vl. Ardennen,8.5
25-49-Vl. Ardennen,25,49,Vl. Ardennen,7.0
25-51-Vl. Ardennen,25,51,Vl. Ardennen,7.0
25-53-D01,25,53,D01,7.0
25-55-D01,25,55,D01,6.0
25-57-D01,25,57,D01,9.5
25-59-D01,25,59,D01,7.0
25-61-D01,25,61,D01,5.0
25-63-D01,25,63,D01,4.0
25-65-W.Vl.Heuvels,25,65,W.Vl.Heuvels,9.0
25-67-W.Vl.Heuvels,25,67,W.Vl.Heuvels,10.0
25-69-W.Vl.Heuvels,25,69,W.Vl.Heuvels,12.0
25-71-W.Vl.Heuvels,25,71,W.Vl.Heuvels,5.0
25-73-W.Vl.Heuvels,25,73,W.Vl.Heuvels,11.0
25-75-W.Vl.Heuvels,25,75,W.Vl.Heuvels,8.0
25-77-6VB1038,25,77,6VB1038,4.0
25-81-6VB1038,25,81,6VB1038,9.0
25-83-6VB1038,25,83,6VB1038,5.0
25-85-6VB1038,25,85,6VB1038,10.0
25-87-6VB1038,25,87,6VB1038,9.0
26-17-5VB1034,26,17,5VB1034,8.0
26-21-5VB1034,26,21,5VB1034,9.0
26-23-5VB1034,26,23,5VB1034,4.5
26-25-5VB1034,26,25,5VB1034,3.5
26-27-5VB1034,26,27,5VB1034,5.5
26-29-D04,26,29,D04,6.0
26-31-D04,26,31,D04,7.0
26-33-D04,26,33,D04,8.0
26-35-D04,26,35,D04,7.5
26-37-D04,26,37,D04,5.5
26-39-D04,26,39,D04,7.0
26-41-Vl. Ardennen,26,41,Vl. Ardennen,10.5
26-43-Vl. Ardennen,26,43,Vl. Ardennen,8.0
26-45-Vl. Ardennen,26,45,Vl. Ardennen,7.0
26-47-Vl. Ardennen,26,47,Vl. Ardennen,7.5
26-49-Vl. Ardennen,26,49,Vl. Ardennen,7.5
26-51-Vl. Ardennen,26,51,Vl. Ardennen,9.0
26-53-D01,26,53,D01,3.5
26-55-D01,26,55,D01,5.0
26-57-D01,26,57,D01,3.5
26-59-D01,26,59,D01,4.5
26-61-D01,26,61,D01,5.0
26-63-D01,26,63,D01,7.5
26-65-W.Vl.Heuvels,26,65,W.Vl.Heuvels,6.0
26-67-W.Vl.Heuvels,26,67,W.Vl.Heuvels,11.0
26-69-W.Vl.Heuvels,26,69,W.Vl.Heuvels,11.5
26-71-W.Vl.Heuvels,26,71,W.Vl.Heuvels,13.0
26-73-W.Vl.Heuvels,26,73,W.Vl.Heuvels,3.5
26-75-W.Vl.Heuvels,26,75,W.Vl.Heuvels,13.0
26-77-6VB1038,26,77,6VB1038,6.0
26-79-6VB1038,26,79,6VB1038,6.5
26-81-6VB1038,26,81,6VB1038,6.5
26-83-6VB1038,26,83,6VB1038,5.5
26-85-6VB1038,26,85,6VB1038,6.5
26-87-6VB1038,26,87,6VB1038,9.5
27-17-5VB1034,27,17,5VB1034,8.0
27-19-5VB1034,27,19,5VB1034,5.5
27-21-5VB1034,27,21,5VB1034,8.0
27-23-5VB1034,27,23,5VB1034,5.0
27-25-5VB1034,27,25,5VB1034,5.5
27-27-5VB1034,27,27,5VB1034,3.0
27-29-D04,27,29,D04,2.0
27-31-D04,27,31,D04,6.0
27-33-D04,27,33,D04,4.0
27-35-D04,27,35,D04,9.0
27-37-D04,27,37,D04,8.0
27-39-D04,27,39,D04,10.0
27-41-Vl. Ardennen,27,41,Vl. Ardennen,12.5
27-43-Vl. Ardennen,27,43,Vl. Ardennen,5.0
27-45-Vl. Ardennen,27,45,Vl. Ardennen,7.0
27-47-Vl. Ardennen,27,47,Vl. Ardennen,8.5
27-49-Vl. Ardennen,27,49,Vl. Ardennen,3.0
27-51-Vl. Ardennen,27,51,Vl. Ardennen,10.5
27-53-D01,27,53,D01,4.5
27-55-D01,27,55,D01,7.5
27-57-D01,27,57,D01,5.5
27-59-D01,27,59,D01,0.5
27-61-D01,27,61,D01,0.5
27-63-D01,27,63,D01,7.0
27-65-W.Vl.Heuvels,27,65,W.Vl.Heuvels,9.0
27-67-W.Vl.Heuvels,27,67,W.Vl.Heuvels,12.5
27-69-W.Vl.Heuvels,27,69,W.Vl.Heuvels,8.5
27-71-W.Vl.Heuvels,27,71,W.Vl.Heuvels,8.5
27-73-W.Vl.Heuvels,27,73,W.Vl.Heuvels,8.0
27-75-W.Vl.Heuvels,27,75,W.Vl.Heuvels,7.5
27-77-6VB1038,27,77,6VB1038,4.5
27-79-6VB1038,27,79,6VB1038,3.0
27-81-6VB1038,27,81,6VB1038,7.0
27-83-6VB1038,27,83,6VB1038,8.0
27-85-6VB1038,27,85,6VB1038,6.0
27-87-6VB1038,27,87,6VB1038,13.0
