,,,,,,,,,,,,,,,,,,,,,,,,,,,,,,,,,,,,,,,,,,,,,,,,,,,,,,,,,,,,,,,,,,,,,,,,,,,,,,,,,,,,,,,,,,,aanplanting meidoorn,
,rand,,rand,,rand,,rand,,rand,,rand,,rand,,rand,,rand,,rand,,rand,,rand,,rand,,rand,,rand,,rand,,rand,,rand,,rand,,rand,,rand,,rand,,rand,,rand,,rand,,rand,,rand,,rand,,rand,,rand,,rand,,rand,,rand,,rand,,rand,,rand,,rand,,rand,,rand,,rand,,rand,,rand,,rand,,rand,,rand,rand,,
,rand,,rand,,rand,,rand,,rand,,rand,,rand,,rand,,rand,,rand,,rand,,rand,,rand,,rand,,rand,,rand,,rand,,rand,,rand,,rand,,rand,,rand,,rand,,rand,,rand,,rand,,rand,,rand,194,rand,,rand,,rand,,rand,,rand,,rand,,rand,,rand,,rand,,rand,,rand,,rand,,rand,,rand,,rand,,rand,,rand,rand,,
,rand,,rand,,,,5VB1034,201,Gr. corridor,104,Gr. corridor,75,Vl. Ardennen,310,Vl. Ardennen,310,Gr. corridor,313,Gr. corridor,232,Gr. corridor,105,Gr. corridor,198,Gr. corridor,85,Gr. corridor,103,5VB1051,231,5VB1051,210,5VB1051,177,5VB1051,151,5VB1051,387,5VB1051,333,Hongarije,88,Hongarije,257,Hongarije,203,Hongarije,170,Hongarije,144,Hongarije,156,5VB1034,265,5VB1034,252,5VB1034,100,5VB1034,273,5VB1034,326,5VB1034,153,D04,219,D04,72,D04,149,D04,202,D04,165,D04,186,Vl. Ardennen,138,Vl. Ardennen,90,Vl. Ardennen,95,Vl. Ardennen,176,Vl. Ardennen,337,Vl. Ardennen,257,rand,rand,,
,rand,,rand,,,,Gr. corridor,122,Gr. corridor,100,Gr. corridor,150,Vl. Ardennen,260,Vl. Ardennen,234,gr. corridor,304,gr. corridor,255,gr. corridor,263,gr. corridor,205,gr. corridor,301,gr. corridor,99,5VB1051,235,5VB1051,185,5VB1051,225,5VB1051,132,5VB1051,388,5VB1051,349,Hongarije,255,Hongarije,209,Hongarije,139,Hongarije,189,Hongarije,263,Hongarije,85,5VB1034,180,5VB1034,270,5VB1034,196,5VB1034,228,5VB1034,206,5VB1034,105,D04,236,D04,90,D04,256,D04,173,D04,77,D04,81,Vl. Ardennen,137,Vl. Ardennen,178,Vl. Ardennen,77,Vl. Ardennen,199,Vl. Ardennen,217,Vl. Ardennen,156,rand,rand,,
,rand,,rand,,,,?,193,?,222,?,190,Vl. Ardennen,55,Vl. Ardennen,t,Gr. corridor,390,Gr. corridor,239,Gr. corridor,312,Gr. corridor,343,Gr. corridor,206,Gr. corridor,187,5VB1051,155,5VB1051,65,5VB1051,157,5VB1051,240,5VB1051,102,5VB1051,182,Hongarije,291,Hongarije,270,Hongarije,166,Hongarije,204,Hongarije,256,Hongarije,189,5VB1034,293,5VB1034,240,5VB1034,188,5VB1034,100,5VB1034,134,5VB1034,215,D04,327,D04,221,D04,184,D04,168,D04,224,D04,139,Vl. Ardennen,272,Vl. Ardennen,228,Vl. Ardennen,110,Vl. Ardennen,82,Vl. Ardennen,245,Vl. Ardennen,295,rand,rand,,
,rand,,rand,,,,Gr. corridor,243,?,96,Gr. corridor,201,?,234,Vl. Ardennen,171,gr. corridor,361,gr. corridor,308,gr. corridor,256,gr. corridor,241,gr. corridor,95,gr. corridor,185,5VB1051,163,5VB1051,100,5VB1051,289,5VB1051,212,5VB1051,206,5VB1051,299,Hongarije,278,Hongarije,99,Hongarije,187,Hongarije,135,Hongarije,226,Hongarije,132,5VB1034,188,5VB1034,235,5VB1034,246,5VB1034,150,5VB1034,195,5VB1034,220,D04,221,D04,195,D04,180,D04,133,D04,221,D04,63,Vl. Ardennen,182,Vl. Ardennen,145,Vl. Ardennen,171,Vl. Ardennen,158,Vl. Ardennen,263,Vl. Ardennen,238,rand,rand,,
,rand,,rand,,,,?,264,?,231,Vl. Ardennen,167,Vl. Ardennen,187,Vl. Ardennen,165,Gr. corridor,330,Gr. corridor,363,Gr. corridor,376,Gr. corridor,245,Gr. corridor,160,Gr. corridor,173,5VB1051,155,5VB1051,230,5VB1051,314,5VB1051,290,5VB1051,254,5VB1051,254,Hongarije,145,Hongarije,203,Hongarije,193,Hongarije,163,Hongarije,91,Hongarije,312,5VB1034,329,5VB1034,399,5VB1034,162,5VB1034,256,5VB1034,170,5VB1034,237,D04,317,D04,93,D04,214,D04,88,D04,115,D04,97,Vl. Ardennen,92,Vl. Ardennen,91,Vl. Ardennen,115,Vl. Ardennen,250,Vl. Ardennen,228,Vl. Ardennen,300,rand,rand,,
,rand,,rand,,Vl. Ardennen,148,Vl. Ardennen,124,Vl. Ardennen,206,Vl. Ardennen,296,Vl. Ardennen,296,Vl. Ardennen,319,gr. corridor,401,gr. corridor,328,gr. corridor,182,gr. corridor,203,gr. corridor,293,gr. corridor,327,5VB1051,142,5VB1051,339,5VB1051,132,5VB1051,241,5VB1051,194,5VB1051,373,Hongarije,121,Hongarije,187,Hongarije,246,Hongarije,93,Hongarije,258,Hongarije,323,5VB1034,183,5VB1034,272,5VB1034,284,5VB1034,185,5VB1034,208,5VB1034,152,D04,367,D04,175,D04,185,D04,216,D04,151,D04,245,Vl. Ardennen,193,Vl. Ardennen,90,Vl. Ardennen,347,Vl. Ardennen,297,Vl. Ardennen,352,Vl. Ardennen,220,rand,rand,,
,rand,,rand,,D01,245,D01,263,D01,276,D01,201,D01,275,D01,112,W.Vl.Heuvels,213,W.Vl.Heuvels,235,W.Vl.Heuvels,401,W.Vl.Heuvels,296,W.Vl.Heuvels,253,W.Vl.Heuvels,286,6VB1038,235,6VB1038,197,6VB1038,313,6VB1038,263,6VB1038,177,6VB1038,143,Gr. corridor,231,Gr. corridor,263,Gr. corridor,126,Gr. corridor,280,Gr. corridor,322,Gr. corridor,236,5VB1051,286,5VB1051,188,5VB1051,154,5VB1051,115,5VB1051,185,5VB1051,304,Hongarije,240,Hongarije,216,Hongarije,230,Hongarije,302,Hongarije,216,Hongarije,270,5VB1034,226,5VB1034,180,5VB1034,203,5VB1034,262,5VB1034,175,5VB1034,235,rand,rand,,
,rand,,rand,,D01,206,D01,207,D01,211,D01,242,D01,340,D01,345,W.Vl.Heuvels,260,W.Vl.Heuvels,337,W.Vl.Heuvels,322,W.Vl.Heuvels,294,W.Vl.Heuvels,187,W.Vl.Heuvels,293,6VB1038,177,6VB1038,231,6VB1038,299,6VB1038,296,6VB1038,221,6VB1038,200,gr. corridor,195,gr. corridor,113,gr. corridor,152,gr. corridor,146,gr. corridor,235,gr. corridor,106,5VB1051,175,5VB1051,182,5VB1051,96,5VB1051,158,5VB1051,253,5VB1051,325,Hongarije,178,Hongarije,125,Hongarije,95,Hongarije,289,Hongarije,234,Hongarije,190,5VB1034,347,5VB1034,170,5VB1034,280,5VB1034,272,5VB1034,332,5VB1034,308,rand,rand,,
,rand,,rand,,D01,158,D01,236,D01,325,D01,386,D01,350,D01,300,W.Vl.Heuvels,286,W.Vl.Heuvels,278,W.Vl.Heuvels,351,W.Vl.Heuvels,364,W.Vl.Heuvels,267,W.Vl.Heuvels,175,6VB1038,265,6VB1038,324,6VB1038,246,6VB1038,199,6VB1038,121,6VB1038,159,Gr. corridor,130,Gr. corridor,80,Gr. corridor,203,Gr. corridor,128,Gr. corridor,147,Gr. corridor,232,5VB1051,91,5VB1051,173,5VB1051,155,5VB1051,220,5VB1051,275,5VB1051,249,Hongarije,136,Hongarije,265,Hongarije,87,Hongarije,295,Hongarije,100,Hongarije,93,5VB1034,334,5VB1034,261,5VB1034,385,5VB1034,238,5VB1034,340,5VB1034,282,rand,rand,,
aanplanting,rand,,rand,,D01,226,D01,157,D01,245,D01,285,D01,163,D01,321,W.Vl.Heuvels,380,W.Vl.Heuvels,314,W.Vl.Heuvels,172,W.Vl.Heuvels,326,W.Vl.Heuvels,186,W.Vl.Heuvels,154,6VB1038,267,6VB1038,175,6VB1038,138,6VB1038,330,6VB1038,84,6VB1038,225,gr. corridor,257,gr. corridor,238,gr. corridor,198,gr. corridor,94,gr. corridor,371,gr. corridor,258,5VB1051,310,5VB1051,305,5VB1051,100,5VB1051,266,5VB1051,158,5VB1051,358,Hongarije,141,Hongarije,208,Hongarije,227,Hongarije,158,Hongarije,136,Hongarije,114,5VB1034,213,5VB1034,208,5VB1034,223,5VB1034,263,5VB1034,382,5VB1034,375,rand,rand,,
zomereik,rand,,rand,,D01,204,D01,197,D01,252,D01,281,D01,345,D01,356,W.Vl.Heuvels,370,W.Vl.Heuvels,278,W.Vl.Heuvels,245,W.Vl.Heuvels,270,W.Vl.Heuvels,210,W.Vl.Heuvels,225,6VB1038,140,6VB1038,197,6VB1038,120,6VB1038,238,6VB1038,135,6VB1038,218,Gr. corridor,247,Gr. corridor,153,Gr. corridor,174,Gr. corridor,284,Gr. corridor,278,Gr. corridor,272,5VB1051,300,5VB1051,,5VB1051,274,5VB1051,291,5VB1051,114,5VB1051,254,Hongarije,228,Hongarije,235,Hongarije,152,Hongarije,131,Hongarije,316,Hongarije,236,5VB1034,259,5VB1034,115,5VB1034,348,5VB1034,290,5VB1034,382,5VB1034,384,rand,rand,,
,rand,,rand,,D01,159,D01,107,D01,201,D01,235,D01,,D01,205,W.Vl.Heuvels,156,W.Vl.Heuvels,291,W.Vl.Heuvels,276,W.Vl.Heuvels,265,W.Vl.Heuvels,313,W.Vl.Heuvels,125,6VB1038,116,6VB1038,69,6VB1038,124,6VB1038,136,6VB1038,146,6VB1038,203,gr. corridor,301,gr. corridor,338,gr. corridor,313,gr. corridor,359,gr. corridor,240,gr. corridor,261,5VB1051,247,5VB1051,233,5VB1051,272,5VB1051,210,5VB1051,361,5VB1051,185,Hongarije,165,Hongarije,169,Hongarije,206,Hongarije,252,Hongarije,162,Hongarije,184,5VB1034,248,5VB1034,143,5VB1034,280,5VB1034,93,5VB1034,310,5VB1034,280,rand,rand,,
,rand,,rand,,D04,96,D04,153,D04,316,D04,280,D04,390,D04,242,Vl. Ardennen,260,Vl. Ardennen,132,Vl. Ardennen,368,Vl. Ardennen,361,Vl. Ardennen,250,Vl. Ardennen,123,D01,154,D01,110,D01,124,D01,208,D01,248,D01,165,W.Vl.Heuvels,231,W.Vl.Heuvels,125,W.Vl.Heuvels,333,W.Vl.Heuvels,255,W.Vl.Heuvels,396,W.Vl.Heuvels,320,6VB1038,274,6VB1038,294,6VB1038,346,6VB1038,250,6VB1038,255,6VB1038,294,Gr. corridor,265,Gr. corridor,300,Gr. corridor,174,Gr. corridor,326,Gr. corridor,248,Gr. corridor,270,5VB1051,295,5VB1051,180,5VB1051,183,5VB1051,225,5VB1051,335,5VB1051,340,rand,rand,aanplanting linden,
,rand,,rand,,D04,98,D04,133,D04,286,D04,104,D04,95,D04,232,Vl. Ardennen,146,Vl. Ardennen,291,Vl. Ardennen,293,Vl. Ardennen,262,Vl. Ardennen,225,Vl. Ardennen,194,D01,205,D01,228,D01,318,D01,323,D01,302,D01,291,W.Vl.Heuvels,232,W.Vl.Heuvels,320,W.Vl.Heuvels,257,W.Vl.Heuvels,177,W.Vl.Heuvels,368,W.Vl.Heuvels,227,6VB1038,369,6VB1038,299,6VB1038,217,6VB1038,193,6VB1038,336,6VB1038,206,gr. corridor,260,gr. corridor,216,gr. corridor,217,gr. corridor,193,gr. corridor,250,gr. corridor,130,5VB1051,206,5VB1051,245,5VB1051,266,5VB1051,105,5VB1051,380,5VB1051,175,rand,rand,,
,rand,,rand,,D04,231,D04,252,D04,222,D04,230,D04,262,D04,192,Vl. Ardennen,136,Vl. Ardennen,228,Vl. Ardennen,211,Vl. Ardennen,238,Vl. Ardennen,93,Vl. Ardennen,250,D01,211,D01,t,D01,301,D01,242,D01,330,D01,292,W.Vl.Heuvels,353,W.Vl.Heuvels,339,W.Vl.Heuvels,395,W.Vl.Heuvels,223,W.Vl.Heuvels,249,W.Vl.Heuvels,326,6VB1038,329,6VB1038,313,6VB1038,252,6VB1038,301,6VB1038,250,6VB1038,78,Gr. corridor,149,Gr. corridor,226,Gr. corridor,150,Gr. corridor,260,Gr. corridor,115,Gr. corridor,299,5VB1051,122,5VB1051,322,5VB1051,247,5VB1051,248,5VB1051,389,5VB1051,337,rand,rand,,
,rand,,rand,,D04,193,D04,215,D04,203,D04,173,D04,256,D04,245,Vl. Ardennen,304,Vl. Ardennen,231,Vl. Ardennen,313,Vl. Ardennen,225,Vl. Ardennen,145,Vl. Ardennen,151,D01,358,D01,154,D01,t,D01,213,D01,151,D01,368,W.Vl.Heuvels,278,W.Vl.Heuvels,324,W.Vl.Heuvels,292,W.Vl.Heuvels,283,W.Vl.Heuvels,215,W.Vl.Heuvels,262,6VB1038,296,6VB1038,258,6VB1038,386,6VB1038,213,6VB1038,228,6VB1038,260,gr. corridor,82,gr. corridor,190,gr. corridor,74,gr. corridor,206,gr. corridor,211,gr. corridor,187,5VB1051,147,5VB1051,311,5VB1051,250,5VB1051,300,5VB1051,237,5VB1051,203,rand,rand,,
,rand,,rand,,D04,179,D04,163,D04,274,D04,302,D04,202,D04,203,Vl. Ardennen,320,Vl. Ardennen,368,Vl. Ardennen,208,Vl. Ardennen,212,Vl. Ardennen,348,Vl. Ardennen,263,D01,199,D01,253,D01,t,D01,226,D01,235,D01,382,W.Vl.Heuvels,296,W.Vl.Heuvels,221,W.Vl.Heuvels,368,W.Vl.Heuvels,233,W.Vl.Heuvels,275,W.Vl.Heuvels,351,6VB1038,338,6VB1038,331,6VB1038,302,6VB1038,311,6VB1038,291,6VB1038,332,Gr. corridor,240,Gr. corridor,250,Gr. corridor,233,Gr. corridor,234,Gr. corridor,384,Gr. corridor,187,5VB1051,297,5VB1051,250,5VB1051,290,5VB1051,290,5VB1051,452,5VB1051,195,rand,rand,,
,rand,,rand,,D04,320,D04,176,D04,285,D04,340,D04,206,D04,329,Vl. Ardennen,269,Vl. Ardennen,221,Vl. Ardennen,310,Vl. Ardennen,338,Vl. Ardennen,167,Vl. Ardennen,170,D01,176,D01,72,D01,216,D01,305,D01,t,D01,353,W.Vl.Heuvels,188,W.Vl.Heuvels,311,W.Vl.Heuvels,321,W.Vl.Heuvels,292,W.Vl.Heuvels,366,W.Vl.Heuvels,295,6VB1038,393,6VB1038,276,6VB1038,223,6VB1038,346,6VB1038,359,6VB1038,201,gr. corridor,327,gr. corridor,206,gr. corridor,327,gr. corridor,166,gr. corridor,176,gr. corridor,265,5VB1051,367,5VB1051,177,5VB1051,237,5VB1051,362,5VB1051,390,5VB1051,285,rand,rand,,
,rand,,rand,,Hongarije,310,Hongarije,227,Hongarije,252,Hongarije,207,Hongarije,305,Hongarije,t,5VB1034,260,5VB1034,293,5VB1034,250,5VB1034,383,5VB1034,265,5VB1034,145,D04,252,D04,203,D04,230,D04,365,D04,258,D04,306,Vl. Ardennen,283,Vl. Ardennen,368,Vl. Ardennen,328,Vl. Ardennen,264,Vl. Ardennen,302,Vl. Ardennen,311,D01,319,D01,299,D01,383,D01,147,D01,271,D01,304,W.Vl.Heuvels,348,W.Vl.Heuvels,207,W.Vl.Heuvels,294,W.Vl.Heuvels,325,W.Vl.Heuvels,315,W.Vl.Heuvels,227,6VB1038,210,6VB1038,198,6VB1038,250,6VB1038,350,6VB1038,395,6VB1038,304,rand,rand,,
,rand,,rand,,Hongarije,226,Hongarije,152,Hongarije,157,Hongarije,300,Hongarije,t,Hongarije,236,5VB1034,350,5VB1034,266,5VB1034,296,5VB1034,126,5VB1034,248,5VB1034,225,D04,235,D04,188,D04,263,D04,400,D04,232,D04,246,Vl. Ardennen,369,Vl. Ardennen,271,Vl. Ardennen,299,Vl. Ardennen,265,Vl. Ardennen,168,Vl. Ardennen,147,D01,318,D01,289,D01,266,D01,262,D01,120,D01,293,W.Vl.Heuvels,260,W.Vl.Heuvels,340,W.Vl.Heuvels,312,W.Vl.Heuvels,211,W.Vl.Heuvels,229,W.Vl.Heuvels,267,6VB1038,209,6VB1038,294,6VB1038,297,6VB1038,290,6VB1038,319,6VB1038,331,rand,rand,,
,rand,,rand,,Hongarije,212,Hongarije,t,Hongarije,205,Hongarije,t,Hongarije,275,Hongarije,398,5VB1034,260,5VB1034,302,5VB1034,348,5VB1034,203,5VB1034,70,5VB1034,170,D04,255,D04,236,D04,236,D04,305,D04,304,D04,450,Vl. Ardennen,297,Vl. Ardennen,291,Vl. Ardennen,353,Vl. Ardennen,270,Vl. Ardennen,219,Vl. Ardennen,369,D01,283,D01,279,D01,261,D01,265,D01,216,D01,236,W.Vl.Heuvels,245,W.Vl.Heuvels,222,W.Vl.Heuvels,355,W.Vl.Heuvels,345,W.Vl.Heuvels,178,W.Vl.Heuvels,382,6VB1038,253,6VB1038,402,6VB1038,330,6VB1038,423,6VB1038,280,6VB1038,178,rand,rand,,
,rand,,rand,,Hongarije,180,Hongarije,246,Hongarije,171,Hongarije,276,Hongarije,233,Hongarije,265,5VB1034,197,5VB1034,324,5VB1034,266,5VB1034,287,5VB1034,166,5VB1034,190,D04,266,D04,301,D04,350,D04,295,D04,364,D04,318,Vl. Ardennen,324,Vl. Ardennen,238,Vl. Ardennen,253,Vl. Ardennen,t,Vl. Ardennen,263,Vl. Ardennen,319,D01,316,D01,258,D01,318,D01,305,D01,243,D01,190,W.Vl.Heuvels,317,W.Vl.Heuvels,360,W.Vl.Heuvels,385,W.Vl.Heuvels,195,W.Vl.Heuvels,341,W.Vl.Heuvels,301,6VB1038,194,6VB1038,103,6VB1038,270,6VB1038,213,6VB1038,297,6VB1038,310,rand,rand,,
,rand,,rand,,Hongarije,165,Hongarije,220,Hongarije,213,Hongarije,274,Hongarije,191,Hongarije,302,5VB1034,371,5VB1034,t,5VB1034,288,5VB1034,250,5VB1034,175,5VB1034,260,D04,264,D04,255,D04,292,D04,205,D04,239,D04,317,Vl. Ardennen,366,Vl. Ardennen,339,Vl. Ardennen,245,Vl. Ardennen,235,Vl. Ardennen,252,Vl. Ardennen,411,D01,205,D01,205,D01,183,D01,230,D01,216,D01,294,W.Vl.Heuvels,263,W.Vl.Heuvels,407,W.Vl.Heuvels,347,W.Vl.Heuvels,532,W.Vl.Heuvels,230,W.Vl.Heuvels,274,6VB1038,307,6VB1038,284,6VB1038,280,6VB1038,249,6VB1038,250,6VB1038,287,rand,rand,,
,rand,,rand,,Hongarije,275,Hongarije,212,Hongarije,168,Hongarije,198,Hongarije,101,Hongarije,193,5VB1034,238,5VB1034,265,5VB1034,323,5VB1034,260,5VB1034,255,5VB1034,210,D04,155,D04,203,D04,225,D04,225,D04,340,D04,306,Vl. Ardennen,371,Vl. Ardennen,216,Vl. Ardennen,275,Vl. Ardennen,247,Vl. Ardennen,186,Vl. Ardennen,407,D01,252,D01,319,D01,222,D01,117,D01,146,D01,240,W.Vl.Heuvels,280,W.Vl.Heuvels,337,W.Vl.Heuvels,320,W.Vl.Heuvels,387,W.Vl.Heuvels,311,W.Vl.Heuvels,228,6VB1038,187,6VB1038,154,6VB1038,316,6VB1038,333,6VB1038,296,6VB1038,417,rand,rand,,
,rand,,rand,,rand,,rand,,rand,,rand,,rand,,rand,,rand,,rand,,rand,,rand,,rand,,rand,,rand,,rand,,rand,,rand,,rand,,rand,,rand,,rand,,rand,,rand,,rand,,rand,,rand,,rand,,rand,,rand,,rand,,rand,,rand,,rand,,rand,,rand,,rand,,rand,,rand,,rand,,rand,,rand,,rand,,rand,,rand,rand,,
,rand,,rand,,rand,,rand,,rand,,rand,,rand,,rand,,rand,,rand,,rand,,rand,,rand,,rand,,rand,,rand,,rand,,rand,,rand,,rand,,rand,,rand,,rand,,rand,,rand,,rand,,rand,,rand,,rand,,rand,,rand,,rand,,rand,,rand,,rand,,rand,,rand,,rand,,rand,,rand,,rand,,rand,,rand,,rand,,rand,rand,,
,rij 1,,rij2,,rij 3,,rij 4,,rij 5,,rij 6,,rij 7,,rij 8,,rij 9,,rij 10,,rij 11,,rij 12,,rij 13,,rij 14,,rij 15,,rij 16,,rij 17,,rij 18,,rij 19,,rij 20,,rij 21,,rij 22,,rij 23,,rij 24,,rij 25,,rij 26,,rij 27,,rij 28,,rij 29,,rij 30,,rij 31,,rij 32,,rij 33,,rij 34,,rij 35,,rij 36,,rij 37,,rij 38,,rij 39,,rij 40,,rij 41,,rij 42,,rij 43,,rij 44,,rij 45,rij 46,,
,,,,,,,,,,,,,aanplanting meidoorn,,,,,,,,,,,,,,,,,,,,,,,,,,,,,,,,,,,,,,,,,,,,,,,,,,,,,,,,,,,,,,,,,,,,,,,,,,,,,,,
,,,,,,,,,,,,,,,,,,,,,,,,,,,,,,,,,,,,,,,,,,,,,,,,,,,,,,,,,,,,,,,,,,,,,,,,,,,,,,,,,,,,,,,,,,,,
,,,,,,,,,,,,,,,,,,,,,,,,,,,aardeweg,,,,,,,,,,,,,,,,,,,,,,,,,,,,,,,,,,,,,,,,,,,,,,,,,,,,,,Koedalstraat,,,,,,,,,→,naar manège,
,,,,,,,,,,,,,,,,,,,,,,,,,,,,,,,,,,,,,,,,,,,,,,,,,,,,,,,,,,,,,,,,,,,,,,,,,,,,,,,,,,,,,,,,,,,,
,,,,,,,,,,,,,,,,,,,,,,,,,,,sparrenrij,,,,,,,,,,,,,,,,,,,,,,,,,,,,,,,,,,,,,,,,,,,,,,,,,,,,,,,,,,,,,,,,,Beukenrij
